TRUNCATE public.messages, public.conversations, public.souvenirs, public.reviews, public.trip_steps, public.trips, public.restaurants, public.favorite_restaurants, public.favorite_contributors RESTART IDENTITY CASCADE; DELETE FROM public.profiles WHERE id NOT IN ('3a03cc54-3122-424b-8e68-45678385efd7', '0e6959fe-9d29-4d3f-bd16-f676ed23e1a9'); INSERT INTO public.profiles (id, username, full_name, bio, city, is_contributor, avatar_url) VALUES ('86ff35c8-2d91-4129-ba9f-6e1d2f24b43a', 'local_noah_laurent_302', 'Noah Laurent', 'Chasseur de pépites cachées à Toulon.', 'Sanary-sur-Mer', true, 'https://randomuser.me/api/portraits/men/90.jpg'), ('9ca9e6c9-aa10-451d-8207-3eab8c14c940', 'local_lucie_lefevre_658', 'Lucie Lefevre', 'Toujours à la recherche des meilleures adresses !', 'Le Pradet', true, 'https://randomuser.me/api/portraits/women/75.jpg'), ('77dc0678-179f-4f4c-93fd-8e5dcc0258f8', 'local_noah_thomas_131', 'Noah Thomas', 'Découvrir et partager !', 'Carqueiranne', true, 'https://randomuser.me/api/portraits/men/44.jpg'), ('94955c70-a8c6-4b48-bd6d-a0378bdf35f8', 'local_romane_dubois_472', 'Romane Dubois', 'J''adore partager mes découvertes avec la communauté.', 'Sanary-sur-Mer', true, 'https://randomuser.me/api/portraits/women/45.jpg'), ('18ee1cee-36ed-4284-98e2-2d899e4dd156', 'local_antoine_michel_946', 'Antoine Michel', 'Le bon vin et la bonne bouffe !', 'La Seyne-sur-Mer', true, 'https://randomuser.me/api/portraits/men/50.jpg'), ('03bc1530-9df1-4d07-94db-b6f7382318bd', 'local_agathe_rousseau_830', 'Agathe Rousseau', 'Fin gourmet de la côte d''Azur, amoureux du terroir.', 'Le Pradet', true, 'https://randomuser.me/api/portraits/women/99.jpg'), ('5c5f98d4-892f-490c-8f62-9723b276e0df', 'local_mathéo_david_750', 'Mathéo David', 'Le bon vin et la bonne bouffe !', 'Toulon', true, 'https://randomuser.me/api/portraits/men/86.jpg'), ('60314da6-42eb-4559-a10e-69cbe2d36cf9', 'local_marie_vincent_690', 'Marie Vincent', 'Épicurien avant tout.', 'Six-Fours-les-Plages', true, 'https://randomuser.me/api/portraits/women/61.jpg'), ('ac341708-56b0-47ed-b6a3-10f26ed2a26b', 'local_maxime_roux_331', 'Maxime Roux', 'Fin gourmet de la côte d''Azur, amoureux du terroir.', 'Bandol', true, 'https://randomuser.me/api/portraits/men/23.jpg'), ('7c0faf31-20b9-4044-8901-c17fd0e8b1ac', 'local_clara_lefevre_52', 'Clara Lefevre', 'Un bon repas c''est la vie.', 'Hyères', true, 'https://randomuser.me/api/portraits/women/2.jpg'), ('564fd6b0-8289-4c04-8738-9a2738c00962', 'local_hugo_lefebvre_736', 'Hugo Lefebvre', 'Grand amateur de gastronomie locale.', 'Sanary-sur-Mer', true, 'https://randomuser.me/api/portraits/men/22.jpg'), ('5d96e310-08a3-4f1c-ba40-44428e1da3a4', 'local_sarah_muller_819', 'Sarah Muller', 'Épicurien avant tout.', 'La Seyne-sur-Mer', true, 'https://randomuser.me/api/portraits/women/67.jpg'), ('3db722ee-0ddd-438e-beb7-da76850c7154', 'local_clément_morel_519', 'Clément Morel', 'Mes reviews sont toujours 100% honnêtes.', 'Le Pradet', true, 'https://randomuser.me/api/portraits/men/79.jpg'), ('a3422909-9e4e-49fd-98ae-b0f82f09190f', 'local_agathe_david_686', 'Agathe David', 'Fin gourmet de la côte d''Azur, amoureux du terroir.', 'Toulon', true, 'https://randomuser.me/api/portraits/women/95.jpg'), ('265775a9-449c-48ee-b159-0544daaec135', 'local_aaron_fournier_490', 'Aaron Fournier', 'Globe-trotteur culinaire en Provence.', 'Six-Fours-les-Plages', true, 'https://randomuser.me/api/portraits/men/91.jpg'), ('3519da42-49b8-460a-be62-77be301d59f2', 'local_lina_muller_679', 'Lina Muller', 'Mes reviews sont toujours 100% honnêtes.', 'La Seyne-sur-Mer', true, 'https://randomuser.me/api/portraits/women/42.jpg'), ('1b72c8ee-28ee-410a-8689-75a0b2692d1e', 'local_antoine_garnier_964', 'Antoine Garnier', 'Mes reviews sont toujours 100% honnêtes.', 'Carqueiranne', true, 'https://randomuser.me/api/portraits/men/9.jpg'), ('97dec6b9-4a32-435c-87c1-cf22c5179718', 'local_léa_leroy_907', 'Léa Leroy', 'En quête de l''ultime Pizza Napolitaine.', 'Carqueiranne', true, 'https://randomuser.me/api/portraits/women/32.jpg'), ('164104fa-c7b3-4e2c-86ca-e7513888f36b', 'local_gabin_girard_975', 'Gabin Girard', 'En quête de l''ultime Pizza Napolitaine.', 'Toulon', true, 'https://randomuser.me/api/portraits/men/84.jpg'), ('ac6b7b37-14e5-4f0b-85f5-9e45ac75609d', 'local_lina_girard_659', 'Lina Girard', 'Découvrir et partager !', 'Bandol', true, 'https://randomuser.me/api/portraits/women/76.jpg'), ('9ce63a86-9a55-4658-af37-405fd3720b3f', 'local_lucas_bernard_104', 'Lucas Bernard', 'Grand amateur de gastronomie locale.', 'Bandol', true, 'https://randomuser.me/api/portraits/men/58.jpg'), ('11107781-41f0-482d-860a-7b0eac0baf28', 'local_lucie_thomas_780', 'Lucie Thomas', 'Un bon repas c''est la vie.', 'Hyères', true, 'https://randomuser.me/api/portraits/women/49.jpg'), ('ee869183-1dfa-434c-9579-5a1a7b56fe8f', 'local_julien_richard_967', 'Julien Richard', 'En quête de l''ultime Pizza Napolitaine.', 'Bandol', true, 'https://randomuser.me/api/portraits/men/61.jpg'), ('b0b99c9e-4492-41a3-bbe0-71088e58602a', 'local_inès_leroy_336', 'Inès Leroy', 'Passionné de bons petits plats du Sud.', 'Toulon', true, 'https://randomuser.me/api/portraits/women/50.jpg'), ('227361e9-6657-47b6-9810-55836e4d47f8', 'local_gabriel_garnier_933', 'Gabriel Garnier', 'Mes reviews sont toujours 100% honnêtes.', 'La Seyne-sur-Mer', true, 'https://randomuser.me/api/portraits/men/81.jpg'), ('4342f1eb-e0ba-42b8-9dd6-b07e1cd1b5f0', 'local_inès_dubois_447', 'Inès Dubois', 'En quête de l''ultime Pizza Napolitaine.', 'La Garde', true, 'https://randomuser.me/api/portraits/women/11.jpg'), ('bd4124f5-7096-4604-8dd0-c1e75dda982c', 'local_maxime_garnier_778', 'Maxime Garnier', 'Épicurien avant tout.', 'La Garde', true, 'https://randomuser.me/api/portraits/men/91.jpg'), ('c07360d0-7aaa-4796-892c-99f2af58e5dc', 'local_mila_muller_939', 'Mila Muller', 'Le bon vin et la bonne bouffe !', 'Six-Fours-les-Plages', true, 'https://randomuser.me/api/portraits/women/36.jpg'), ('42540a79-dbb5-4f69-adb6-1ce78ac0b01f', 'local_paul_faure_962', 'Paul Faure', 'Grand amateur de gastronomie locale.', 'Bandol', true, 'https://randomuser.me/api/portraits/men/62.jpg'), ('89636343-4cd4-4034-b534-6dc9820bb234', 'local_emma_muller_667', 'Emma Muller', 'Découvrir et partager !', 'Le Pradet', true, 'https://randomuser.me/api/portraits/women/76.jpg'), ('99bf7bb3-8db0-441e-9d08-d6787496c93c', 'local_tom_bonnet_337', 'Tom Bonnet', 'Passionné de bons petits plats du Sud.', 'Hyères', true, 'https://randomuser.me/api/portraits/men/75.jpg'), ('5ac2d9f6-4d6d-4443-ae54-0bff822102c9', 'local_lola_lefevre_754', 'Lola Lefevre', 'Grand amateur de gastronomie locale.', 'Six-Fours-les-Plages', true, 'https://randomuser.me/api/portraits/women/89.jpg'), ('ac91d6b8-6eea-4a7b-9416-77d646b47ba1', 'local_pierre_simon_900', 'Pierre Simon', 'Grand amateur de gastronomie locale.', 'La Garde', true, 'https://randomuser.me/api/portraits/men/22.jpg'), ('6133b574-637b-4361-afca-cb1a1fdda751', 'local_clara_lambert_812', 'Clara Lambert', 'Un bon repas c''est la vie.', 'La Garde', true, 'https://randomuser.me/api/portraits/women/2.jpg'), ('2bb8864b-54f9-4442-b91a-42d2817bef5f', 'local_jules_lefebvre_779', 'Jules Lefebvre', 'En quête de l''ultime Pizza Napolitaine.', 'La Garde', true, 'https://randomuser.me/api/portraits/men/45.jpg'), ('585cc9c5-c450-43c7-9fed-549133e85b2e', 'local_anna_michel_789', 'Anna Michel', 'Épicurien avant tout.', 'La Seyne-sur-Mer', true, 'https://randomuser.me/api/portraits/women/6.jpg'), ('e093f64e-03fe-4b56-985d-ed8e592517f2', 'local_aaron_david_568', 'Aaron David', 'Ici pour trouver des restos sympa entre amis.', 'Ollioules', true, 'https://randomuser.me/api/portraits/men/42.jpg'), ('dd1f0a16-e09e-4400-8446-ca2f853fdd45', 'local_léa_morel_394', 'Léa Morel', 'Globe-trotteur culinaire en Provence.', 'Le Pradet', true, 'https://randomuser.me/api/portraits/women/3.jpg'), ('ad638efc-0788-4179-9316-6965decac71f', 'local_lucas_fontaine_79', 'Lucas Fontaine', 'En quête de l''ultime Pizza Napolitaine.', 'Sanary-sur-Mer', true, 'https://randomuser.me/api/portraits/men/46.jpg'), ('1843209f-1f6e-4217-b4c2-e5672d02e645', 'local_zoé_petit_463', 'Zoé Petit', 'Grand amateur de gastronomie locale.', 'La Garde', true, 'https://randomuser.me/api/portraits/women/84.jpg'), ('290fb1bb-3edb-4083-9de2-6d3a49ecb5ee', 'local_gabriel_michel_408', 'Gabriel Michel', 'Globe-trotteur culinaire en Provence.', 'Toulon', true, 'https://randomuser.me/api/portraits/men/52.jpg'), ('02789c3c-322c-409b-807d-9b9b95441d0e', 'local_zoé_rousseau_684', 'Zoé Rousseau', 'Le bon vin et la bonne bouffe !', 'Toulon', true, 'https://randomuser.me/api/portraits/women/46.jpg'), ('93cf7e5d-1df4-4b2a-807b-c280df79b42b', 'local_lucas_lefevre_908', 'Lucas Lefevre', 'Le bon vin et la bonne bouffe !', 'Carqueiranne', true, 'https://randomuser.me/api/portraits/men/88.jpg'), ('d4fb62c4-f4fd-4cdb-918c-0fbdfd9c5014', 'local_jeanne_morel_497', 'Jeanne Morel', 'Globe-trotteur culinaire en Provence.', 'Six-Fours-les-Plages', true, 'https://randomuser.me/api/portraits/women/7.jpg'), ('31fa2e1b-41a6-47f5-92d3-b7ef810e591a', 'local_jules_morel_581', 'Jules Morel', 'Chasseur de pépites cachées à Toulon.', 'Le Pradet', true, 'https://randomuser.me/api/portraits/men/47.jpg'), ('d27a006a-fb77-42a3-9f21-4e082775c483', 'local_anna_fournier_866', 'Anna Fournier', 'Ici pour trouver des restos sympa entre amis.', 'La Seyne-sur-Mer', true, 'https://randomuser.me/api/portraits/women/68.jpg'), ('3fe63ab7-725a-445c-a1bf-d3631c13dba3', 'local_tiago_muller_22', 'Tiago Muller', 'J''adore partager mes découvertes avec la communauté.', 'La Seyne-sur-Mer', true, 'https://randomuser.me/api/portraits/men/49.jpg'), ('e8eb9ac6-8665-45e2-9753-c955d4b91286', 'local_emma_durand_549', 'Emma Durand', 'Le bon vin et la bonne bouffe !', 'Hyères', true, 'https://randomuser.me/api/portraits/women/11.jpg'), ('539b8fa2-0b17-43a1-a6c1-12ec37eeb523', 'local_antoine_robert_891', 'Antoine Robert', 'Ici pour trouver des restos sympa entre amis.', 'Toulon', true, 'https://randomuser.me/api/portraits/men/92.jpg'), ('4e1dcd91-257a-4dba-8ca0-9b5061e38be7', 'local_laura_lefebvre_611', 'Laura Lefebvre', 'Globe-trotteur culinaire en Provence.', 'Carqueiranne', true, 'https://randomuser.me/api/portraits/women/88.jpg'); INSERT INTO public.restaurants (id, name, address, city, lat, lng, budget_level, meal_types, food_types, dietary_prefs, services, atmospheres) VALUES ('183100ff-d4d4-48bb-92ea-8e76d8d9fe35', 'L''Épicurien de Six-Fours-les-Plages', '31 rue David', 'La Garde', 43.149923, 5.897263, 3, ARRAY['Dîner', 'Brunch', 'Déjeuner']::text[], ARRAY['Mexicain', 'Japonais']::text[], ARRAY[]::text[], ARRAY['Wifi gratuit', 'Voiturier']::text[], ARRAY['Branchée', 'Chaleureuse', 'Cosy']::text[]), ('0e716b26-9bb0-4ea8-9ba1-41b42eb15c79', 'Au fil de Soleil', '94 rue Leroy', 'Le Pradet', 43.145153, 5.914026, 1, ARRAY['Petit-déjeuner']::text[], ARRAY['Argentin']::text[], ARRAY[]::text[], ARRAY['Voiturier', 'Wifi gratuit', 'Sur place', 'À emporter']::text[], ARRAY['Conviviale', 'Romantique']::text[]), ('a54c7f57-efd4-4644-8926-92cde5eae9c2', 'Au fil de Hyères', '31 rue Michel', 'Ollioules', 43.172661, 5.947296, 2, ARRAY['Dîner']::text[], ARRAY['Chinois']::text[], ARRAY['Végétarien', 'Sans gluten']::text[], ARRAY['Voiturier', 'Terrasse', 'Réservation en ligne']::text[], ARRAY['Branchée', 'Festive']::text[]), ('7930106d-6850-4d15-8219-279ae5b1c969', 'Les Saveurs de La Garde', '133 rue Morel', 'La Garde', 43.086057, 5.952172, 2, ARRAY['Déjeuner', 'Petit-déjeuner', 'Dîner']::text[], ARRAY['Mexicain']::text[], ARRAY[]::text[], ARRAY['Livraison', 'Réservation en ligne', 'Accès PMR']::text[], ARRAY['Décontractée', 'Romantique', 'Conviviale']::text[]), ('7b824711-f3bc-408c-9062-2765694a1d8f', 'La Guinguette de Central', '50 rue Durand', 'Hyères', 43.162586, 5.878647, 3, ARRAY['Petit-déjeuner', 'Brunch']::text[], ARRAY['Indien', 'Italien']::text[], ARRAY[]::text[], ARRAY['Accès PMR', 'Sur place']::text[], ARRAY['Cosy']::text[]), ('6d0dbb7a-9a1e-400b-8a21-d2c12b20faff', 'Cantine La Garde', '137 rue Garnier', 'Hyères', 43.108363, 5.941258, 3, ARRAY['Petit-déjeuner']::text[], ARRAY['Libanais', 'Thaï']::text[], ARRAY['Végétarien']::text[], ARRAY['Wifi gratuit', 'Réservation en ligne', 'Sur place', 'Parking']::text[], ARRAY['Conviviale', 'Romantique']::text[]), ('bd7dd4c3-bfb1-461e-b77e-84cf28f98412', 'Le Piment La Garde', '40 rue Dupont', 'Toulon', 43.170554, 5.939716, 3, ARRAY['Petit-déjeuner']::text[], ARRAY['Italien']::text[], ARRAY[]::text[], ARRAY['Réservation en ligne', 'Livraison', 'Climatisation', 'Voiturier']::text[], ARRAY['Familiale', 'Conviviale', 'Lounge']::text[]), ('32018add-ad11-4692-87e2-6c4b7a0d7255', 'Les Saveurs de Ollioules', '109 rue Faure', 'Hyères', 43.133453, 5.909325, 3, ARRAY['Brunch', 'Dîner']::text[], ARRAY['Méditerranéen', 'Italien']::text[], ARRAY['Végétarien']::text[], ARRAY['Parking', 'Réservation en ligne', 'Sur place']::text[], ARRAY['Chaleureuse']::text[]), ('a2d4bbed-a4e8-412c-84db-a2cba98ded66', 'L''Atelier de La Garde', '21 rue Muller', 'Le Pradet', 43.153250, 5.971806, 4, ARRAY['Dîner']::text[], ARRAY['Espagnol', 'Coréen']::text[], ARRAY[]::text[], ARRAY['Wifi gratuit', 'Parking', 'Accès PMR', 'Livraison']::text[], ARRAY['Romantique', 'Familiale', 'Lounge']::text[]), ('ba3e54bf-4b91-439c-b8ff-8826a08ec8f2', 'L''Épicurien de l''eau', '97 rue Petit', 'Le Pradet', 43.146490, 5.919272, 4, ARRAY['Petit-déjeuner']::text[], ARRAY['Espagnol', 'Vietnamien']::text[], ARRAY[]::text[], ARRAY['Voiturier', 'À emporter', 'Terrasse', 'Sur place']::text[], ARRAY['Conviviale']::text[]), ('89b1f582-eb21-4f7a-b068-110b8f3f2cfb', 'Le Boudoir Bouchon', '88 rue Lefebvre', 'Six-Fours-les-Plages', 43.113722, 5.945590, 1, ARRAY['Petit-déjeuner', 'Déjeuner', 'Dîner']::text[], ARRAY['Vietnamien', 'Japonais']::text[], ARRAY[]::text[], ARRAY['Sur place', 'Wifi gratuit']::text[], ARRAY['Chic']::text[]), ('da9ffbb5-e3a9-4e63-9934-5e305d85d4a9', 'Le Cabanon de La Seyne-sur-Mer', '60 rue Moreau', 'Six-Fours-les-Plages', 43.158243, 5.930539, 1, ARRAY['Dîner']::text[], ARRAY['Coréen', 'Italien']::text[], ARRAY['Végétarien', 'Vegan']::text[], ARRAY['Sur place', 'À emporter', 'Accès PMR', 'Parking']::text[], ARRAY['Lounge']::text[]), ('44527f8d-b521-48fb-9621-f46a2625efd5', 'La Dolce Vita Carqueiranne', '69 rue Girard', 'Ollioules', 43.166983, 5.921035, 4, ARRAY['Brunch', 'Petit-déjeuner', 'Déjeuner']::text[], ARRAY['Américain', 'Chinois']::text[], ARRAY['Végétarien']::text[], ARRAY['Wifi gratuit', 'Sur place', 'Parking', 'Terrasse']::text[], ARRAY['Chic']::text[]), ('2f09a9ad-bd14-476b-9469-86058b9e2152', 'Bistrot Sanary-sur-Mer', '117 rue Michel', 'Le Pradet', 43.099805, 5.968330, 1, ARRAY['Petit-déjeuner']::text[], ARRAY['Mexicain', 'Français']::text[], ARRAY['Végétarien']::text[], ARRAY['Parking', 'Wifi gratuit', 'À emporter', 'Climatisation']::text[], ARRAY['Conviviale', 'Festive', 'Cosy']::text[]), ('cf45b1bc-4434-4136-8ec3-a1649fd82d3e', 'La Dolce Vita Hyères', '76 rue Lambert', 'Ollioules', 43.133059, 5.946058, 1, ARRAY['Petit-déjeuner']::text[], ARRAY['Espagnol', 'Thaï']::text[], ARRAY['Végétarien']::text[], ARRAY['À emporter', 'Voiturier', 'Livraison', 'Accès PMR']::text[], ARRAY['Romantique']::text[]), ('b9dc0fd1-b999-4e26-b0ba-9c829a359cf0', 'La Dolce Vita Rouge', '150 rue Lefebvre', 'La Seyne-sur-Mer', 43.083775, 5.910961, 2, ARRAY['Brunch']::text[], ARRAY['Libanais', 'Indien']::text[], ARRAY['Végétarien']::text[], ARRAY['Wifi gratuit', 'À emporter', 'Climatisation']::text[], ARRAY['Branchée', 'Décontractée', 'Festive']::text[]), ('5be4ba7c-0875-4240-aa71-897c9eda8cb7', 'La Dolce Vita Fontaine', '11 rue Vincent', 'Toulon', 43.102284, 5.909460, 3, ARRAY['Petit-déjeuner', 'Brunch']::text[], ARRAY['Coréen', 'Argentin']::text[], ARRAY['Vegan']::text[], ARRAY['Wifi gratuit', 'Sur place']::text[], ARRAY['Festive']::text[]), ('fe115c96-126b-4a4c-b06e-459d22b9bc8a', 'L''Épicurien de Toulon', '58 rue Dupont', 'Toulon', 43.077092, 5.977893, 1, ARRAY['Brunch', 'Dîner', 'Déjeuner']::text[], ARRAY['Argentin', 'Vietnamien']::text[], ARRAY[]::text[], ARRAY['Wifi gratuit', 'Parking']::text[], ARRAY['Branchée', 'Conviviale']::text[]), ('fafa969a-993b-4351-99fe-869146cabecb', 'La Guinguette de Ollioules', '14 rue Lefebvre', 'La Seyne-sur-Mer', 43.153671, 5.959656, 2, ARRAY['Brunch', 'Déjeuner']::text[], ARRAY['Libanais', 'Italien']::text[], ARRAY['Sans gluten']::text[], ARRAY['Accès PMR', 'Wifi gratuit', 'Réservation en ligne', 'Voiturier']::text[], ARRAY['Décontractée', 'Conviviale']::text[]), ('64f410bc-c386-4175-9b71-424d916279fd', 'L''Atelier de Gourmand', '64 rue Lefebvre', 'Six-Fours-les-Plages', 43.162833, 5.910193, 2, ARRAY['Déjeuner', 'Dîner', 'Petit-déjeuner']::text[], ARRAY['Espagnol']::text[], ARRAY[]::text[], ARRAY['Sur place', 'Parking', 'Accès PMR']::text[], ARRAY['Conviviale', 'Décontractée']::text[]), ('18daaee0-e61c-47f9-9f30-78d8887d70fa', 'Bistrot Michel', '61 rue Michel', 'Toulon', 43.120099, 5.975413, 1, ARRAY['Brunch', 'Dîner']::text[], ARRAY['Mexicain']::text[], ARRAY[]::text[], ARRAY['Sur place', 'À emporter', 'Wifi gratuit']::text[], ARRAY['Conviviale', 'Cosy']::text[]), ('e6e753e9-94f3-4859-be03-3c4319f88224', 'Les Saveurs de Bandol', '67 rue David', 'La Garde', 43.097991, 5.920594, 1, ARRAY['Petit-déjeuner']::text[], ARRAY['Vietnamien']::text[], ARRAY['Végétarien']::text[], ARRAY['Sur place', 'Voiturier', 'Wifi gratuit', 'Terrasse']::text[], ARRAY['Branchée', 'Lounge', 'Décontractée']::text[]), ('4551e25a-fadf-4225-b1f8-f009f7767623', 'L''Atelier de Sanary-sur-Mer', '105 rue Michel', 'La Seyne-sur-Mer', 43.142014, 5.903170, 3, ARRAY['Brunch']::text[], ARRAY['Américain', 'Indien']::text[], ARRAY[]::text[], ARRAY['Climatisation', 'Parking']::text[], ARRAY['Familiale', 'Romantique']::text[]), ('4004828b-bac9-4b12-af2b-edea33569839', 'Le Petit Muller', '147 rue Simon', 'Hyères', 43.098723, 5.941407, 2, ARRAY['Petit-déjeuner', 'Déjeuner', 'Dîner']::text[], ARRAY['Chinois', 'Mexicain']::text[], ARRAY[]::text[], ARRAY['Wifi gratuit', 'Livraison', 'Climatisation']::text[], ARRAY['Chaleureuse', 'Branchée']::text[]), ('ea97b00e-588f-4c42-94b6-c3ca1f4f2747', 'La Table de Sanary-sur-Mer', '44 rue Bonnet', 'Sanary-sur-Mer', 43.097611, 5.919389, 1, ARRAY['Déjeuner', 'Petit-déjeuner', 'Dîner']::text[], ARRAY['Méditerranéen']::text[], ARRAY[]::text[], ARRAY['Sur place', 'À emporter', 'Livraison']::text[], ARRAY['Chaleureuse']::text[]), ('c0b01697-06c7-4feb-b0ac-e726c566b97c', 'Bistrot Thomas', '87 rue Dupont', 'La Seyne-sur-Mer', 43.170694, 5.915988, 1, ARRAY['Déjeuner', 'Petit-déjeuner', 'Dîner']::text[], ARRAY['Américain', 'Thaï']::text[], ARRAY[]::text[], ARRAY['Accès PMR', 'À emporter']::text[], ARRAY['Conviviale']::text[]), ('9aa081ce-0419-4248-bf00-1969a0b52b3c', 'L''Épicurien de La Garde', '88 rue Roux', 'La Seyne-sur-Mer', 43.114443, 5.942059, 4, ARRAY['Petit-déjeuner', 'Déjeuner', 'Dîner']::text[], ARRAY['Français']::text[], ARRAY['Vegan']::text[], ARRAY['Réservation en ligne', 'À emporter']::text[], ARRAY['Familiale', 'Branchée']::text[]), ('c85efb63-6c7e-4465-a660-8e259927ad7e', 'Le Petit Toulon', '77 rue Vincent', 'Le Pradet', 43.135834, 5.977102, 4, ARRAY['Déjeuner']::text[], ARRAY['Italien']::text[], ARRAY[]::text[], ARRAY['Voiturier', 'Accès PMR', 'Livraison', 'Réservation en ligne']::text[], ARRAY['Chaleureuse']::text[]), ('a7929ffd-16b0-4863-b766-6f639b1e09aa', 'Au fil de Gourmand', '98 rue Bertrand', 'Bandol', 43.139693, 5.958063, 4, ARRAY['Brunch']::text[], ARRAY['Américain']::text[], ARRAY['Végétarien']::text[], ARRAY['Wifi gratuit', 'Livraison', 'Parking', 'Voiturier']::text[], ARRAY['Lounge']::text[]), ('1d527657-b715-4773-a0e4-f51a91c5f1e6', 'Le Comptoir Pêcheur', '1 rue Leroy', 'Carqueiranne', 43.154759, 5.883237, 4, ARRAY['Dîner']::text[], ARRAY['Japonais', 'Libanais']::text[], ARRAY['Vegan']::text[], ARRAY['Sur place', 'Accès PMR', 'À emporter', 'Climatisation']::text[], ARRAY['Lounge', 'Romantique']::text[]); INSERT INTO public.reviews (restaurant_id, contributor_id, title, description, rating, created_at) VALUES ('183100ff-d4d4-48bb-92ea-8e76d8d9fe35', 'a3422909-9e4e-49fd-98ae-b0f82f09190f', 'Assez long...', 'Le serveur était trop cher. Dommage.', 1, NOW() - interval '50 days'), ('183100ff-d4d4-48bb-92ea-8e76d8d9fe35', '4e1dcd91-257a-4dba-8ca0-9b5061e38be7', 'Le service est très bon !', 'Le cadre était vraiment très bon. Une pépite.', 4, NOW() - interval '226 days'), ('183100ff-d4d4-48bb-92ea-8e76d8d9fe35', '6133b574-637b-4361-afca-cb1a1fdda751', 'Le service est génial !', 'Le cadre était vraiment parfait. Bravo au chef !', 5, NOW() - interval '253 days'), ('183100ff-d4d4-48bb-92ea-8e76d8d9fe35', 'ac91d6b8-6eea-4a7b-9416-77d646b47ba1', 'Le repas est génial !', 'L''accueil était vraiment fantastique. Bravo au chef !', 5, NOW() - interval '283 days'), ('183100ff-d4d4-48bb-92ea-8e76d8d9fe35', '9ca9e6c9-aa10-451d-8207-3eab8c14c940', 'Excellent', 'L''ambiance était vraiment superbe. Je recommande les yeux fermés.', 4, NOW() - interval '227 days'), ('183100ff-d4d4-48bb-92ea-8e76d8d9fe35', 'ee869183-1dfa-434c-9579-5a1a7b56fe8f', 'Parfait', 'Le service était vraiment génial. Bravo au chef !', 5, NOW() - interval '281 days'), ('183100ff-d4d4-48bb-92ea-8e76d8d9fe35', 'bd4124f5-7096-4604-8dd0-c1e75dda982c', 'Le service est superbe !', 'L''ambiance était vraiment très bon. On s''est régalés.', 5, NOW() - interval '236 days'), ('183100ff-d4d4-48bb-92ea-8e76d8d9fe35', '3a03cc54-3122-424b-8e68-45678385efd7', 'Excellent', 'Le cadre était vraiment inoubliable. Une pépite.', 4, NOW() - interval '273 days'), ('183100ff-d4d4-48bb-92ea-8e76d8d9fe35', '1b72c8ee-28ee-410a-8689-75a0b2692d1e', 'À éviter', 'Le service était bruyant. Dommage.', 3, NOW() - interval '42 days'), ('183100ff-d4d4-48bb-92ea-8e76d8d9fe35', 'c07360d0-7aaa-4796-892c-99f2af58e5dc', 'L''accueil est parfait !', 'L''ambiance était vraiment génial. Bravo au chef !', 5, NOW() - interval '277 days'), ('183100ff-d4d4-48bb-92ea-8e76d8d9fe35', '564fd6b0-8289-4c04-8738-9a2738c00962', 'Assez long...', 'Le service était décevant. Je n''y retournerai pas.', 3, NOW() - interval '259 days'), ('183100ff-d4d4-48bb-92ea-8e76d8d9fe35', '539b8fa2-0b17-43a1-a6c1-12ec37eeb523', 'Très bon moment', 'Le cadre était vraiment fantastique. À refaire vite !', 4, NOW() - interval '139 days'), ('183100ff-d4d4-48bb-92ea-8e76d8d9fe35', '86ff35c8-2d91-4129-ba9f-6e1d2f24b43a', 'Très bon moment', 'Le cadre était vraiment très bon. À refaire vite !', 4, NOW() - interval '298 days'), ('0e716b26-9bb0-4ea8-9ba1-41b42eb15c79', 'd4fb62c4-f4fd-4cdb-918c-0fbdfd9c5014', 'Très bon moment', 'Le repas était vraiment fantastique. On s''est régalés.', 5, NOW() - interval '219 days'), ('0e716b26-9bb0-4ea8-9ba1-41b42eb15c79', 'a3422909-9e4e-49fd-98ae-b0f82f09190f', 'Très bon moment', 'Le rapport qualité/prix était vraiment génial. On s''est régalés.', 5, NOW() - interval '182 days'), ('0e716b26-9bb0-4ea8-9ba1-41b42eb15c79', '564fd6b0-8289-4c04-8738-9a2738c00962', 'Le repas est fantastique !', 'Le service était vraiment délicieux. Grosse recommandation !', 5, NOW() - interval '89 days'), ('0e716b26-9bb0-4ea8-9ba1-41b42eb15c79', 'e093f64e-03fe-4b56-985d-ed8e592517f2', 'Assez bruyant...', 'Le serveur était moyen. Pas terrible...', 2, NOW() - interval '80 days'), ('0e716b26-9bb0-4ea8-9ba1-41b42eb15c79', '227361e9-6657-47b6-9810-55836e4d47f8', 'Excellent', 'L''ambiance était vraiment magique. À refaire vite !', 4, NOW() - interval '123 days'), ('0e716b26-9bb0-4ea8-9ba1-41b42eb15c79', 'c07360d0-7aaa-4796-892c-99f2af58e5dc', 'Parfait', 'Le repas était vraiment superbe. Bravo au chef !', 4, NOW() - interval '228 days'), ('0e716b26-9bb0-4ea8-9ba1-41b42eb15c79', '02789c3c-322c-409b-807d-9b9b95441d0e', 'Le repas est incroyable !', 'Le service était vraiment très bon. À refaire vite !', 5, NOW() - interval '249 days'), ('0e716b26-9bb0-4ea8-9ba1-41b42eb15c79', '9ce63a86-9a55-4658-af37-405fd3720b3f', 'Une belle surprise', 'L''accueil était vraiment fantastique. À refaire vite !', 5, NOW() - interval '38 days'), ('0e716b26-9bb0-4ea8-9ba1-41b42eb15c79', '585cc9c5-c450-43c7-9fed-549133e85b2e', 'Très bon moment', 'Le service était vraiment très bon. On s''est régalés.', 5, NOW() - interval '283 days'), ('0e716b26-9bb0-4ea8-9ba1-41b42eb15c79', '2bb8864b-54f9-4442-b91a-42d2817bef5f', 'Très bon moment', 'Le service était vraiment très bon. Je recommande les yeux fermés.', 5, NOW() - interval '49 days'), ('0e716b26-9bb0-4ea8-9ba1-41b42eb15c79', '5ac2d9f6-4d6d-4443-ae54-0bff822102c9', 'Le service est génial !', 'Le cadre était vraiment délicieux. Bravo au chef !', 4, NOW() - interval '182 days'), ('0e716b26-9bb0-4ea8-9ba1-41b42eb15c79', '1843209f-1f6e-4217-b4c2-e5672d02e645', 'L''accueil est inoubliable !', 'Le repas était vraiment délicieux. Bravo au chef !', 5, NOW() - interval '161 days'), ('0e716b26-9bb0-4ea8-9ba1-41b42eb15c79', '89636343-4cd4-4034-b534-6dc9820bb234', 'Bof', 'Le service était long. Passez votre chemin.', 3, NOW() - interval '85 days'), ('0e716b26-9bb0-4ea8-9ba1-41b42eb15c79', '86ff35c8-2d91-4129-ba9f-6e1d2f24b43a', 'Le rapport qualité/prix est parfait !', 'Le cadre était vraiment inoubliable. Une pépite.', 5, NOW() - interval '66 days'), ('a54c7f57-efd4-4644-8926-92cde5eae9c2', '2bb8864b-54f9-4442-b91a-42d2817bef5f', 'Excellent', 'Le rapport qualité/prix était vraiment inoubliable. On s''est régalés.', 4, NOW() - interval '237 days'), ('a54c7f57-efd4-4644-8926-92cde5eae9c2', '9ca9e6c9-aa10-451d-8207-3eab8c14c940', 'Une belle surprise', 'L''accueil était vraiment fantastique. Bravo au chef !', 5, NOW() - interval '168 days'), ('a54c7f57-efd4-4644-8926-92cde5eae9c2', '227361e9-6657-47b6-9810-55836e4d47f8', 'Moyen', 'Le serveur était long. Dommage.', 1, NOW() - interval '282 days'), ('a54c7f57-efd4-4644-8926-92cde5eae9c2', '1843209f-1f6e-4217-b4c2-e5672d02e645', 'Une belle surprise', 'Le repas était vraiment magique. Bravo au chef !', 5, NOW() - interval '10 days'), ('a54c7f57-efd4-4644-8926-92cde5eae9c2', 'd27a006a-fb77-42a3-9f21-4e082775c483', 'Assez trop cher...', 'Le service était bruyant. Bof.', 1, NOW() - interval '298 days'), ('a54c7f57-efd4-4644-8926-92cde5eae9c2', 'ac6b7b37-14e5-4f0b-85f5-9e45ac75609d', 'Le cadre est génial !', 'Le service était vraiment incroyable. Une pépite.', 4, NOW() - interval '127 days'), ('a54c7f57-efd4-4644-8926-92cde5eae9c2', 'bd4124f5-7096-4604-8dd0-c1e75dda982c', 'Parfait', 'L''ambiance était vraiment délicieux. Grosse recommandation !', 5, NOW() - interval '23 days'), ('a54c7f57-efd4-4644-8926-92cde5eae9c2', '86ff35c8-2d91-4129-ba9f-6e1d2f24b43a', 'Moyen', 'Le service était décevant. Bof.', 3, NOW() - interval '18 days'), ('a54c7f57-efd4-4644-8926-92cde5eae9c2', '6133b574-637b-4361-afca-cb1a1fdda751', 'Le rapport qualité/prix est fantastique !', 'Le repas était vraiment génial. Une pépite.', 4, NOW() - interval '292 days'), ('a54c7f57-efd4-4644-8926-92cde5eae9c2', '31fa2e1b-41a6-47f5-92d3-b7ef810e591a', 'Assez long...', 'L''accueil était décevant. Passez votre chemin.', 2, NOW() - interval '263 days'), ('a54c7f57-efd4-4644-8926-92cde5eae9c2', '3fe63ab7-725a-445c-a1bf-d3631c13dba3', 'Très bon moment', 'L''accueil était vraiment génial. À refaire vite !', 4, NOW() - interval '247 days'), ('a54c7f57-efd4-4644-8926-92cde5eae9c2', '3519da42-49b8-460a-be62-77be301d59f2', 'Excellent', 'Le rapport qualité/prix était vraiment superbe. Grosse recommandation !', 4, NOW() - interval '185 days'), ('7930106d-6850-4d15-8219-279ae5b1c969', '3db722ee-0ddd-438e-beb7-da76850c7154', 'Excellent', 'Le service était vraiment inoubliable. On s''est régalés.', 4, NOW() - interval '37 days'), ('7930106d-6850-4d15-8219-279ae5b1c969', '2bb8864b-54f9-4442-b91a-42d2817bef5f', 'Le service est fantastique !', 'L''accueil était vraiment très bon. Grosse recommandation !', 5, NOW() - interval '124 days'), ('7930106d-6850-4d15-8219-279ae5b1c969', 'd4fb62c4-f4fd-4cdb-918c-0fbdfd9c5014', 'L''ambiance est génial !', 'Le cadre était vraiment génial. À refaire vite !', 5, NOW() - interval '290 days'), ('7930106d-6850-4d15-8219-279ae5b1c969', '99bf7bb3-8db0-441e-9d08-d6787496c93c', 'Une belle surprise', 'Le cadre était vraiment fantastique. Bravo au chef !', 5, NOW() - interval '227 days'), ('7930106d-6850-4d15-8219-279ae5b1c969', '77dc0678-179f-4f4c-93fd-8e5dcc0258f8', 'Moyen', 'Le plat était décevant. Passez votre chemin.', 3, NOW() - interval '130 days'), ('7930106d-6850-4d15-8219-279ae5b1c969', '4e1dcd91-257a-4dba-8ca0-9b5061e38be7', 'Assez trop cher...', 'Le plat était décevant. Je n''y retournerai pas.', 1, NOW() - interval '17 days'), ('7930106d-6850-4d15-8219-279ae5b1c969', '1b72c8ee-28ee-410a-8689-75a0b2692d1e', 'Excellent', 'Le rapport qualité/prix était vraiment inoubliable. Je recommande les yeux fermés.', 4, NOW() - interval '73 days'), ('7930106d-6850-4d15-8219-279ae5b1c969', '539b8fa2-0b17-43a1-a6c1-12ec37eeb523', 'Assez bruyant...', 'Le plat était moyen. Je n''y retournerai pas.', 3, NOW() - interval '153 days'), ('7930106d-6850-4d15-8219-279ae5b1c969', '02789c3c-322c-409b-807d-9b9b95441d0e', 'Assez long...', 'Le service était bruyant. Dommage.', 1, NOW() - interval '216 days'), ('7930106d-6850-4d15-8219-279ae5b1c969', '9ca9e6c9-aa10-451d-8207-3eab8c14c940', 'L''accueil est très bon !', 'Le service était vraiment magique. On s''est régalés.', 4, NOW() - interval '18 days'), ('7930106d-6850-4d15-8219-279ae5b1c969', '227361e9-6657-47b6-9810-55836e4d47f8', 'Assez long...', 'Le service était moyen. Je n''y retournerai pas.', 3, NOW() - interval '282 days'), ('7930106d-6850-4d15-8219-279ae5b1c969', '6133b574-637b-4361-afca-cb1a1fdda751', 'Le repas est superbe !', 'Le repas était vraiment inoubliable. Je recommande les yeux fermés.', 4, NOW() - interval '265 days'), ('7930106d-6850-4d15-8219-279ae5b1c969', '265775a9-449c-48ee-b159-0544daaec135', 'Le rapport qualité/prix est délicieux !', 'Le service était vraiment très bon. À refaire vite !', 4, NOW() - interval '271 days'), ('7b824711-f3bc-408c-9062-2765694a1d8f', '5c5f98d4-892f-490c-8f62-9723b276e0df', 'Excellent', 'L''accueil était vraiment incroyable. Une pépite.', 4, NOW() - interval '88 days'), ('7b824711-f3bc-408c-9062-2765694a1d8f', '42540a79-dbb5-4f69-adb6-1ce78ac0b01f', 'Assez bruyant...', 'L''accueil était trop cher. À éviter.', 1, NOW() - interval '74 days'), ('7b824711-f3bc-408c-9062-2765694a1d8f', '4342f1eb-e0ba-42b8-9dd6-b07e1cd1b5f0', 'Le rapport qualité/prix est superbe !', 'L''accueil était vraiment fantastique. Bravo au chef !', 4, NOW() - interval '82 days'), ('7b824711-f3bc-408c-9062-2765694a1d8f', '564fd6b0-8289-4c04-8738-9a2738c00962', 'Le rapport qualité/prix est incroyable !', 'L''ambiance était vraiment incroyable. Grosse recommandation !', 5, NOW() - interval '20 days'), ('7b824711-f3bc-408c-9062-2765694a1d8f', 'ac341708-56b0-47ed-b6a3-10f26ed2a26b', 'Une belle surprise', 'Le service était vraiment magique. Je recommande les yeux fermés.', 5, NOW() - interval '183 days'), ('7b824711-f3bc-408c-9062-2765694a1d8f', '97dec6b9-4a32-435c-87c1-cf22c5179718', 'Bof', 'Le serveur était décevant. Je n''y retournerai pas.', 2, NOW() - interval '267 days'), ('7b824711-f3bc-408c-9062-2765694a1d8f', '86ff35c8-2d91-4129-ba9f-6e1d2f24b43a', 'Le rapport qualité/prix est parfait !', 'L''ambiance était vraiment fantastique. On s''est régalés.', 4, NOW() - interval '137 days'), ('7b824711-f3bc-408c-9062-2765694a1d8f', 'ee869183-1dfa-434c-9579-5a1a7b56fe8f', 'Le service est magique !', 'Le rapport qualité/prix était vraiment parfait. Grosse recommandation !', 5, NOW() - interval '192 days'), ('7b824711-f3bc-408c-9062-2765694a1d8f', '164104fa-c7b3-4e2c-86ca-e7513888f36b', 'Une belle surprise', 'Le service était vraiment parfait. Je recommande les yeux fermés.', 4, NOW() - interval '20 days'), ('7b824711-f3bc-408c-9062-2765694a1d8f', '9ca9e6c9-aa10-451d-8207-3eab8c14c940', 'Assez fade...', 'Le serveur était décevant. Dommage.', 3, NOW() - interval '64 days'), ('7b824711-f3bc-408c-9062-2765694a1d8f', '1b72c8ee-28ee-410a-8689-75a0b2692d1e', 'Une belle surprise', 'Le service était vraiment incroyable. Je recommande les yeux fermés.', 4, NOW() - interval '110 days'), ('7b824711-f3bc-408c-9062-2765694a1d8f', '93cf7e5d-1df4-4b2a-807b-c280df79b42b', 'Assez trop cher...', 'Le serveur était moyen. Je n''y retournerai pas.', 2, NOW() - interval '102 days'), ('7b824711-f3bc-408c-9062-2765694a1d8f', 'ad638efc-0788-4179-9316-6965decac71f', 'Décevant', 'Le prix était trop cher. Je n''y retournerai pas.', 2, NOW() - interval '191 days'), ('7b824711-f3bc-408c-9062-2765694a1d8f', '7c0faf31-20b9-4044-8901-c17fd0e8b1ac', 'Le cadre est délicieux !', 'L''ambiance était vraiment inoubliable. Je recommande les yeux fermés.', 5, NOW() - interval '299 days'), ('7b824711-f3bc-408c-9062-2765694a1d8f', '5ac2d9f6-4d6d-4443-ae54-0bff822102c9', 'Une belle surprise', 'Le cadre était vraiment fantastique. Bravo au chef !', 5, NOW() - interval '26 days'), ('6d0dbb7a-9a1e-400b-8a21-d2c12b20faff', '3fe63ab7-725a-445c-a1bf-d3631c13dba3', 'Assez trop cher...', 'Le service était bruyant. Bof.', 2, NOW() - interval '240 days'), ('6d0dbb7a-9a1e-400b-8a21-d2c12b20faff', '1843209f-1f6e-4217-b4c2-e5672d02e645', 'L''accueil est magique !', 'L''ambiance était vraiment délicieux. Je recommande les yeux fermés.', 4, NOW() - interval '50 days'), ('6d0dbb7a-9a1e-400b-8a21-d2c12b20faff', '0e6959fe-9d29-4d3f-bd16-f676ed23e1a9', 'Assez long...', 'Le prix était fade. Passez votre chemin.', 1, NOW() - interval '291 days'), ('6d0dbb7a-9a1e-400b-8a21-d2c12b20faff', 'bd4124f5-7096-4604-8dd0-c1e75dda982c', 'Assez fade...', 'Le serveur était décevant. Dommage.', 1, NOW() - interval '56 days'), ('6d0dbb7a-9a1e-400b-8a21-d2c12b20faff', '02789c3c-322c-409b-807d-9b9b95441d0e', 'Bof', 'L''accueil était bruyant. Dommage.', 1, NOW() - interval '81 days'), ('6d0dbb7a-9a1e-400b-8a21-d2c12b20faff', '227361e9-6657-47b6-9810-55836e4d47f8', 'Le rapport qualité/prix est superbe !', 'Le service était vraiment génial. Bravo au chef !', 5, NOW() - interval '15 days'), ('6d0dbb7a-9a1e-400b-8a21-d2c12b20faff', '564fd6b0-8289-4c04-8738-9a2738c00962', 'Assez bruyant...', 'Le service était moyen. Passez votre chemin.', 2, NOW() - interval '84 days'), ('6d0dbb7a-9a1e-400b-8a21-d2c12b20faff', 'ac341708-56b0-47ed-b6a3-10f26ed2a26b', 'Excellent', 'L''accueil était vraiment incroyable. On s''est régalés.', 4, NOW() - interval '1 days'), ('6d0dbb7a-9a1e-400b-8a21-d2c12b20faff', '4e1dcd91-257a-4dba-8ca0-9b5061e38be7', 'Une belle surprise', 'Le repas était vraiment fantastique. On s''est régalés.', 4, NOW() - interval '235 days'), ('6d0dbb7a-9a1e-400b-8a21-d2c12b20faff', '585cc9c5-c450-43c7-9fed-549133e85b2e', 'Parfait', 'L''ambiance était vraiment très bon. Je recommande les yeux fermés.', 5, NOW() - interval '102 days'), ('6d0dbb7a-9a1e-400b-8a21-d2c12b20faff', '3db722ee-0ddd-438e-beb7-da76850c7154', 'Le cadre est inoubliable !', 'Le service était vraiment parfait. Une pépite.', 4, NOW() - interval '287 days'), ('6d0dbb7a-9a1e-400b-8a21-d2c12b20faff', '5ac2d9f6-4d6d-4443-ae54-0bff822102c9', 'Une belle surprise', 'Le rapport qualité/prix était vraiment incroyable. Une pépite.', 4, NOW() - interval '82 days'), ('6d0dbb7a-9a1e-400b-8a21-d2c12b20faff', '290fb1bb-3edb-4083-9de2-6d3a49ecb5ee', 'Bof', 'Le service était moyen. Passez votre chemin.', 2, NOW() - interval '279 days'), ('6d0dbb7a-9a1e-400b-8a21-d2c12b20faff', '9ca9e6c9-aa10-451d-8207-3eab8c14c940', 'Le repas est inoubliable !', 'Le rapport qualité/prix était vraiment génial. Bravo au chef !', 5, NOW() - interval '194 days'), ('6d0dbb7a-9a1e-400b-8a21-d2c12b20faff', '94955c70-a8c6-4b48-bd6d-a0378bdf35f8', 'Assez moyen...', 'Le plat était moyen. Je n''y retournerai pas.', 3, NOW() - interval '249 days'), ('6d0dbb7a-9a1e-400b-8a21-d2c12b20faff', 'dd1f0a16-e09e-4400-8446-ca2f853fdd45', 'Le repas est très bon !', 'Le service était vraiment génial. Une pépite.', 5, NOW() - interval '175 days'), ('6d0dbb7a-9a1e-400b-8a21-d2c12b20faff', '1b72c8ee-28ee-410a-8689-75a0b2692d1e', 'Le repas est inoubliable !', 'Le repas était vraiment incroyable. Une pépite.', 5, NOW() - interval '170 days'), ('bd7dd4c3-bfb1-461e-b77e-84cf28f98412', '77dc0678-179f-4f4c-93fd-8e5dcc0258f8', 'Assez trop cher...', 'Le serveur était trop cher. Pas terrible...', 3, NOW() - interval '169 days'), ('bd7dd4c3-bfb1-461e-b77e-84cf28f98412', '9ca9e6c9-aa10-451d-8207-3eab8c14c940', 'Excellent', 'Le repas était vraiment fantastique. Grosse recommandation !', 4, NOW() - interval '111 days'), ('bd7dd4c3-bfb1-461e-b77e-84cf28f98412', '164104fa-c7b3-4e2c-86ca-e7513888f36b', 'Assez trop cher...', 'L''accueil était long. Passez votre chemin.', 1, NOW() - interval '162 days'), ('bd7dd4c3-bfb1-461e-b77e-84cf28f98412', '539b8fa2-0b17-43a1-a6c1-12ec37eeb523', 'Assez décevant...', 'Le plat était fade. Dommage.', 3, NOW() - interval '111 days'), ('bd7dd4c3-bfb1-461e-b77e-84cf28f98412', '5ac2d9f6-4d6d-4443-ae54-0bff822102c9', 'Une belle surprise', 'L''accueil était vraiment parfait. Bravo au chef !', 5, NOW() - interval '215 days'), ('bd7dd4c3-bfb1-461e-b77e-84cf28f98412', 'bd4124f5-7096-4604-8dd0-c1e75dda982c', 'Décevant', 'L''accueil était bruyant. Bof.', 1, NOW() - interval '19 days'), ('bd7dd4c3-bfb1-461e-b77e-84cf28f98412', 'd4fb62c4-f4fd-4cdb-918c-0fbdfd9c5014', 'À éviter', 'L''accueil était bruyant. Dommage.', 2, NOW() - interval '214 days'), ('bd7dd4c3-bfb1-461e-b77e-84cf28f98412', '42540a79-dbb5-4f69-adb6-1ce78ac0b01f', 'Assez long...', 'Le serveur était bruyant. Dommage.', 2, NOW() - interval '215 days'), ('bd7dd4c3-bfb1-461e-b77e-84cf28f98412', '1b72c8ee-28ee-410a-8689-75a0b2692d1e', 'À éviter', 'Le serveur était long. Bof.', 2, NOW() - interval '6 days'), ('bd7dd4c3-bfb1-461e-b77e-84cf28f98412', '6133b574-637b-4361-afca-cb1a1fdda751', 'L''ambiance est incroyable !', 'Le repas était vraiment génial. Je recommande les yeux fermés.', 5, NOW() - interval '255 days'), ('bd7dd4c3-bfb1-461e-b77e-84cf28f98412', '265775a9-449c-48ee-b159-0544daaec135', 'Assez bruyant...', 'Le plat était fade. Bof.', 1, NOW() - interval '181 days'), ('bd7dd4c3-bfb1-461e-b77e-84cf28f98412', '564fd6b0-8289-4c04-8738-9a2738c00962', 'Une belle surprise', 'L''ambiance était vraiment magique. On s''est régalés.', 5, NOW() - interval '251 days'), ('bd7dd4c3-bfb1-461e-b77e-84cf28f98412', '290fb1bb-3edb-4083-9de2-6d3a49ecb5ee', 'Excellent', 'Le repas était vraiment incroyable. Une pépite.', 4, NOW() - interval '262 days'), ('bd7dd4c3-bfb1-461e-b77e-84cf28f98412', '86ff35c8-2d91-4129-ba9f-6e1d2f24b43a', 'Excellent', 'Le service était vraiment superbe. Grosse recommandation !', 4, NOW() - interval '92 days'), ('bd7dd4c3-bfb1-461e-b77e-84cf28f98412', '11107781-41f0-482d-860a-7b0eac0baf28', 'Très bon moment', 'Le rapport qualité/prix était vraiment incroyable. Je recommande les yeux fermés.', 5, NOW() - interval '22 days'), ('32018add-ad11-4692-87e2-6c4b7a0d7255', 'ac6b7b37-14e5-4f0b-85f5-9e45ac75609d', 'L''accueil est magique !', 'Le repas était vraiment fantastique. À refaire vite !', 5, NOW() - interval '221 days'), ('32018add-ad11-4692-87e2-6c4b7a0d7255', '164104fa-c7b3-4e2c-86ca-e7513888f36b', 'Très bon moment', 'Le service était vraiment magique. Je recommande les yeux fermés.', 4, NOW() - interval '6 days'), ('32018add-ad11-4692-87e2-6c4b7a0d7255', 'b0b99c9e-4492-41a3-bbe0-71088e58602a', 'Le rapport qualité/prix est inoubliable !', 'Le repas était vraiment délicieux. Grosse recommandation !', 4, NOW() - interval '141 days'), ('32018add-ad11-4692-87e2-6c4b7a0d7255', '5d96e310-08a3-4f1c-ba40-44428e1da3a4', 'Le repas est magique !', 'L''ambiance était vraiment superbe. Je recommande les yeux fermés.', 4, NOW() - interval '275 days'), ('32018add-ad11-4692-87e2-6c4b7a0d7255', 'c07360d0-7aaa-4796-892c-99f2af58e5dc', 'L''accueil est superbe !', 'Le service était vraiment fantastique. On s''est régalés.', 4, NOW() - interval '76 days'), ('32018add-ad11-4692-87e2-6c4b7a0d7255', '3fe63ab7-725a-445c-a1bf-d3631c13dba3', 'L''accueil est magique !', 'L''ambiance était vraiment incroyable. Grosse recommandation !', 4, NOW() - interval '49 days'), ('32018add-ad11-4692-87e2-6c4b7a0d7255', '4342f1eb-e0ba-42b8-9dd6-b07e1cd1b5f0', 'Le rapport qualité/prix est fantastique !', 'L''ambiance était vraiment superbe. On s''est régalés.', 4, NOW() - interval '42 days'), ('32018add-ad11-4692-87e2-6c4b7a0d7255', '94955c70-a8c6-4b48-bd6d-a0378bdf35f8', 'Très bon moment', 'Le rapport qualité/prix était vraiment génial. Une pépite.', 5, NOW() - interval '22 days'), ('32018add-ad11-4692-87e2-6c4b7a0d7255', '564fd6b0-8289-4c04-8738-9a2738c00962', 'Très bon moment', 'Le rapport qualité/prix était vraiment très bon. Bravo au chef !', 4, NOW() - interval '194 days'), ('32018add-ad11-4692-87e2-6c4b7a0d7255', 'e093f64e-03fe-4b56-985d-ed8e592517f2', 'Le rapport qualité/prix est incroyable !', 'Le cadre était vraiment incroyable. On s''est régalés.', 4, NOW() - interval '128 days'), ('32018add-ad11-4692-87e2-6c4b7a0d7255', '93cf7e5d-1df4-4b2a-807b-c280df79b42b', 'Parfait', 'Le cadre était vraiment inoubliable. On s''est régalés.', 5, NOW() - interval '265 days'), ('32018add-ad11-4692-87e2-6c4b7a0d7255', '1843209f-1f6e-4217-b4c2-e5672d02e645', 'Le cadre est superbe !', 'Le cadre était vraiment génial. Bravo au chef !', 5, NOW() - interval '213 days'), ('32018add-ad11-4692-87e2-6c4b7a0d7255', 'd27a006a-fb77-42a3-9f21-4e082775c483', 'Excellent', 'Le rapport qualité/prix était vraiment fantastique. Je recommande les yeux fermés.', 5, NOW() - interval '177 days'), ('a2d4bbed-a4e8-412c-84db-a2cba98ded66', 'a3422909-9e4e-49fd-98ae-b0f82f09190f', 'Décevant', 'Le plat était décevant. À éviter.', 1, NOW() - interval '255 days'), ('a2d4bbed-a4e8-412c-84db-a2cba98ded66', '290fb1bb-3edb-4083-9de2-6d3a49ecb5ee', 'Une belle surprise', 'Le cadre était vraiment incroyable. Bravo au chef !', 4, NOW() - interval '287 days'), ('a2d4bbed-a4e8-412c-84db-a2cba98ded66', '60314da6-42eb-4559-a10e-69cbe2d36cf9', 'Le service est très bon !', 'L''ambiance était vraiment délicieux. On s''est régalés.', 5, NOW() - interval '34 days'), ('a2d4bbed-a4e8-412c-84db-a2cba98ded66', '3db722ee-0ddd-438e-beb7-da76850c7154', 'Une belle surprise', 'Le cadre était vraiment parfait. On s''est régalés.', 4, NOW() - interval '56 days'), ('a2d4bbed-a4e8-412c-84db-a2cba98ded66', '42540a79-dbb5-4f69-adb6-1ce78ac0b01f', 'Le repas est parfait !', 'Le cadre était vraiment très bon. Bravo au chef !', 4, NOW() - interval '282 days'), ('a2d4bbed-a4e8-412c-84db-a2cba98ded66', '4342f1eb-e0ba-42b8-9dd6-b07e1cd1b5f0', 'Une belle surprise', 'L''ambiance était vraiment génial. Je recommande les yeux fermés.', 4, NOW() - interval '68 days'), ('a2d4bbed-a4e8-412c-84db-a2cba98ded66', '7c0faf31-20b9-4044-8901-c17fd0e8b1ac', 'Excellent', 'L''ambiance était vraiment magique. On s''est régalés.', 5, NOW() - interval '227 days'), ('a2d4bbed-a4e8-412c-84db-a2cba98ded66', '31fa2e1b-41a6-47f5-92d3-b7ef810e591a', 'Excellent', 'Le service était vraiment magique. Une pépite.', 4, NOW() - interval '202 days'), ('a2d4bbed-a4e8-412c-84db-a2cba98ded66', '86ff35c8-2d91-4129-ba9f-6e1d2f24b43a', 'Le service est magique !', 'Le cadre était vraiment magique. Je recommande les yeux fermés.', 5, NOW() - interval '62 days'), ('a2d4bbed-a4e8-412c-84db-a2cba98ded66', '18ee1cee-36ed-4284-98e2-2d899e4dd156', 'Le rapport qualité/prix est inoubliable !', 'Le cadre était vraiment très bon. On s''est régalés.', 5, NOW() - interval '173 days'), ('a2d4bbed-a4e8-412c-84db-a2cba98ded66', '227361e9-6657-47b6-9810-55836e4d47f8', 'Très bon moment', 'Le service était vraiment superbe. Une pépite.', 4, NOW() - interval '288 days'), ('ba3e54bf-4b91-439c-b8ff-8826a08ec8f2', '1b72c8ee-28ee-410a-8689-75a0b2692d1e', 'À éviter', 'Le plat était long. Je n''y retournerai pas.', 3, NOW() - interval '167 days'), ('ba3e54bf-4b91-439c-b8ff-8826a08ec8f2', 'ee869183-1dfa-434c-9579-5a1a7b56fe8f', 'Décevant', 'Le serveur était décevant. Je n''y retournerai pas.', 3, NOW() - interval '9 days'), ('ba3e54bf-4b91-439c-b8ff-8826a08ec8f2', '3a03cc54-3122-424b-8e68-45678385efd7', 'Bof', 'Le serveur était trop cher. Pas terrible...', 3, NOW() - interval '206 days'), ('ba3e54bf-4b91-439c-b8ff-8826a08ec8f2', '86ff35c8-2d91-4129-ba9f-6e1d2f24b43a', 'Assez décevant...', 'Le plat était fade. Pas terrible...', 2, NOW() - interval '275 days'), ('ba3e54bf-4b91-439c-b8ff-8826a08ec8f2', '02789c3c-322c-409b-807d-9b9b95441d0e', 'Le cadre est très bon !', 'Le service était vraiment inoubliable. Grosse recommandation !', 5, NOW() - interval '223 days'), ('ba3e54bf-4b91-439c-b8ff-8826a08ec8f2', '60314da6-42eb-4559-a10e-69cbe2d36cf9', 'Assez fade...', 'Le serveur était bruyant. Dommage.', 1, NOW() - interval '141 days'), ('ba3e54bf-4b91-439c-b8ff-8826a08ec8f2', '4e1dcd91-257a-4dba-8ca0-9b5061e38be7', 'L''ambiance est superbe !', 'L''accueil était vraiment inoubliable. À refaire vite !', 4, NOW() - interval '78 days'), ('ba3e54bf-4b91-439c-b8ff-8826a08ec8f2', '18ee1cee-36ed-4284-98e2-2d899e4dd156', 'Excellent', 'Le service était vraiment génial. Je recommande les yeux fermés.', 5, NOW() - interval '172 days'), ('ba3e54bf-4b91-439c-b8ff-8826a08ec8f2', 'd27a006a-fb77-42a3-9f21-4e082775c483', 'Une belle surprise', 'Le rapport qualité/prix était vraiment délicieux. Une pépite.', 4, NOW() - interval '174 days'), ('ba3e54bf-4b91-439c-b8ff-8826a08ec8f2', '9ca9e6c9-aa10-451d-8207-3eab8c14c940', 'Le repas est génial !', 'Le rapport qualité/prix était vraiment inoubliable. À refaire vite !', 5, NOW() - interval '57 days'), ('ba3e54bf-4b91-439c-b8ff-8826a08ec8f2', '164104fa-c7b3-4e2c-86ca-e7513888f36b', 'L''ambiance est magique !', 'L''accueil était vraiment très bon. Grosse recommandation !', 5, NOW() - interval '299 days'), ('ba3e54bf-4b91-439c-b8ff-8826a08ec8f2', '3db722ee-0ddd-438e-beb7-da76850c7154', 'L''ambiance est parfait !', 'Le repas était vraiment génial. Grosse recommandation !', 5, NOW() - interval '72 days'), ('ba3e54bf-4b91-439c-b8ff-8826a08ec8f2', '94955c70-a8c6-4b48-bd6d-a0378bdf35f8', 'Décevant', 'Le prix était trop cher. À éviter.', 1, NOW() - interval '297 days'), ('ba3e54bf-4b91-439c-b8ff-8826a08ec8f2', 'e8eb9ac6-8665-45e2-9753-c955d4b91286', 'Assez moyen...', 'L''accueil était bruyant. Bof.', 2, NOW() - interval '187 days'), ('ba3e54bf-4b91-439c-b8ff-8826a08ec8f2', '1843209f-1f6e-4217-b4c2-e5672d02e645', 'Une belle surprise', 'Le cadre était vraiment superbe. À refaire vite !', 4, NOW() - interval '223 days'), ('ba3e54bf-4b91-439c-b8ff-8826a08ec8f2', 'd4fb62c4-f4fd-4cdb-918c-0fbdfd9c5014', 'Une belle surprise', 'Le rapport qualité/prix était vraiment délicieux. À refaire vite !', 5, NOW() - interval '271 days'), ('ba3e54bf-4b91-439c-b8ff-8826a08ec8f2', 'dd1f0a16-e09e-4400-8446-ca2f853fdd45', 'Excellent', 'Le repas était vraiment incroyable. À refaire vite !', 5, NOW() - interval '299 days'), ('ba3e54bf-4b91-439c-b8ff-8826a08ec8f2', '6133b574-637b-4361-afca-cb1a1fdda751', 'Le repas est parfait !', 'Le rapport qualité/prix était vraiment parfait. Une pépite.', 4, NOW() - interval '121 days'), ('89b1f582-eb21-4f7a-b068-110b8f3f2cfb', 'e8eb9ac6-8665-45e2-9753-c955d4b91286', 'Le rapport qualité/prix est délicieux !', 'Le repas était vraiment superbe. On s''est régalés.', 5, NOW() - interval '65 days'), ('89b1f582-eb21-4f7a-b068-110b8f3f2cfb', '94955c70-a8c6-4b48-bd6d-a0378bdf35f8', 'Parfait', 'Le cadre était vraiment superbe. Une pépite.', 5, NOW() - interval '68 days'), ('89b1f582-eb21-4f7a-b068-110b8f3f2cfb', 'ac341708-56b0-47ed-b6a3-10f26ed2a26b', 'Assez trop cher...', 'Le serveur était trop cher. Je n''y retournerai pas.', 1, NOW() - interval '93 days'), ('89b1f582-eb21-4f7a-b068-110b8f3f2cfb', '5d96e310-08a3-4f1c-ba40-44428e1da3a4', 'L''ambiance est fantastique !', 'Le cadre était vraiment parfait. Je recommande les yeux fermés.', 5, NOW() - interval '250 days'), ('89b1f582-eb21-4f7a-b068-110b8f3f2cfb', '265775a9-449c-48ee-b159-0544daaec135', 'Excellent', 'L''accueil était vraiment parfait. À refaire vite !', 5, NOW() - interval '125 days'), ('89b1f582-eb21-4f7a-b068-110b8f3f2cfb', 'e093f64e-03fe-4b56-985d-ed8e592517f2', 'Décevant', 'Le plat était décevant. Je n''y retournerai pas.', 3, NOW() - interval '166 days'), ('89b1f582-eb21-4f7a-b068-110b8f3f2cfb', '89636343-4cd4-4034-b534-6dc9820bb234', 'Le service est fantastique !', 'Le repas était vraiment superbe. Une pépite.', 4, NOW() - interval '79 days'), ('89b1f582-eb21-4f7a-b068-110b8f3f2cfb', 'd27a006a-fb77-42a3-9f21-4e082775c483', 'L''accueil est inoubliable !', 'Le rapport qualité/prix était vraiment magique. Je recommande les yeux fermés.', 5, NOW() - interval '159 days'), ('89b1f582-eb21-4f7a-b068-110b8f3f2cfb', '5c5f98d4-892f-490c-8f62-9723b276e0df', 'Décevant', 'Le serveur était trop cher. Pas terrible...', 1, NOW() - interval '68 days'), ('89b1f582-eb21-4f7a-b068-110b8f3f2cfb', '86ff35c8-2d91-4129-ba9f-6e1d2f24b43a', 'Assez fade...', 'L''accueil était moyen. Dommage.', 2, NOW() - interval '250 days'), ('89b1f582-eb21-4f7a-b068-110b8f3f2cfb', '3519da42-49b8-460a-be62-77be301d59f2', 'L''accueil est incroyable !', 'Le cadre était vraiment inoubliable. Une pépite.', 4, NOW() - interval '10 days'), ('da9ffbb5-e3a9-4e63-9934-5e305d85d4a9', '77dc0678-179f-4f4c-93fd-8e5dcc0258f8', 'Le cadre est fantastique !', 'Le cadre était vraiment magique. À refaire vite !', 5, NOW() - interval '152 days'), ('da9ffbb5-e3a9-4e63-9934-5e305d85d4a9', '94955c70-a8c6-4b48-bd6d-a0378bdf35f8', 'Moyen', 'Le plat était fade. Bof.', 1, NOW() - interval '211 days'), ('da9ffbb5-e3a9-4e63-9934-5e305d85d4a9', '9ce63a86-9a55-4658-af37-405fd3720b3f', 'Décevant', 'Le service était bruyant. Pas terrible...', 1, NOW() - interval '258 days'), ('da9ffbb5-e3a9-4e63-9934-5e305d85d4a9', '5c5f98d4-892f-490c-8f62-9723b276e0df', 'Une belle surprise', 'Le repas était vraiment très bon. À refaire vite !', 4, NOW() - interval '116 days'), ('da9ffbb5-e3a9-4e63-9934-5e305d85d4a9', '60314da6-42eb-4559-a10e-69cbe2d36cf9', 'Assez fade...', 'Le service était décevant. Bof.', 3, NOW() - interval '284 days'), ('da9ffbb5-e3a9-4e63-9934-5e305d85d4a9', 'a3422909-9e4e-49fd-98ae-b0f82f09190f', 'Assez moyen...', 'L''accueil était bruyant. Pas terrible...', 1, NOW() - interval '41 days'), ('da9ffbb5-e3a9-4e63-9934-5e305d85d4a9', '42540a79-dbb5-4f69-adb6-1ce78ac0b01f', 'Le cadre est fantastique !', 'L''ambiance était vraiment très bon. Je recommande les yeux fermés.', 5, NOW() - interval '195 days'), ('da9ffbb5-e3a9-4e63-9934-5e305d85d4a9', '6133b574-637b-4361-afca-cb1a1fdda751', 'Excellent', 'L''ambiance était vraiment superbe. Grosse recommandation !', 4, NOW() - interval '201 days'), ('da9ffbb5-e3a9-4e63-9934-5e305d85d4a9', '7c0faf31-20b9-4044-8901-c17fd0e8b1ac', 'Très bon moment', 'Le service était vraiment fantastique. Je recommande les yeux fermés.', 4, NOW() - interval '179 days'), ('da9ffbb5-e3a9-4e63-9934-5e305d85d4a9', '9ca9e6c9-aa10-451d-8207-3eab8c14c940', 'Excellent', 'L''accueil était vraiment incroyable. Grosse recommandation !', 4, NOW() - interval '43 days'), ('da9ffbb5-e3a9-4e63-9934-5e305d85d4a9', '3db722ee-0ddd-438e-beb7-da76850c7154', 'Parfait', 'Le repas était vraiment très bon. À refaire vite !', 5, NOW() - interval '137 days'), ('da9ffbb5-e3a9-4e63-9934-5e305d85d4a9', '164104fa-c7b3-4e2c-86ca-e7513888f36b', 'Parfait', 'Le cadre était vraiment parfait. On s''est régalés.', 5, NOW() - interval '264 days'), ('da9ffbb5-e3a9-4e63-9934-5e305d85d4a9', '03bc1530-9df1-4d07-94db-b6f7382318bd', 'Excellent', 'Le rapport qualité/prix était vraiment incroyable. Je recommande les yeux fermés.', 5, NOW() - interval '197 days'), ('da9ffbb5-e3a9-4e63-9934-5e305d85d4a9', 'bd4124f5-7096-4604-8dd0-c1e75dda982c', 'Décevant', 'Le plat était moyen. À éviter.', 3, NOW() - interval '111 days'), ('44527f8d-b521-48fb-9621-f46a2625efd5', '3a03cc54-3122-424b-8e68-45678385efd7', 'À éviter', 'Le serveur était long. Bof.', 3, NOW() - interval '107 days'), ('44527f8d-b521-48fb-9621-f46a2625efd5', '31fa2e1b-41a6-47f5-92d3-b7ef810e591a', 'Parfait', 'Le rapport qualité/prix était vraiment incroyable. Une pépite.', 4, NOW() - interval '216 days'), ('44527f8d-b521-48fb-9621-f46a2625efd5', 'ac341708-56b0-47ed-b6a3-10f26ed2a26b', 'Le service est inoubliable !', 'Le service était vraiment inoubliable. Je recommande les yeux fermés.', 5, NOW() - interval '161 days'), ('44527f8d-b521-48fb-9621-f46a2625efd5', '227361e9-6657-47b6-9810-55836e4d47f8', 'Décevant', 'Le plat était décevant. Pas terrible...', 3, NOW() - interval '34 days'), ('44527f8d-b521-48fb-9621-f46a2625efd5', '93cf7e5d-1df4-4b2a-807b-c280df79b42b', 'Le service est parfait !', 'Le service était vraiment fantastique. On s''est régalés.', 5, NOW() - interval '85 days'), ('44527f8d-b521-48fb-9621-f46a2625efd5', '1b72c8ee-28ee-410a-8689-75a0b2692d1e', 'Assez moyen...', 'Le serveur était décevant. Pas terrible...', 2, NOW() - interval '232 days'), ('44527f8d-b521-48fb-9621-f46a2625efd5', '60314da6-42eb-4559-a10e-69cbe2d36cf9', 'Le rapport qualité/prix est incroyable !', 'Le cadre était vraiment inoubliable. Bravo au chef !', 5, NOW() - interval '73 days'), ('44527f8d-b521-48fb-9621-f46a2625efd5', '3519da42-49b8-460a-be62-77be301d59f2', 'Le rapport qualité/prix est délicieux !', 'Le cadre était vraiment fantastique. À refaire vite !', 5, NOW() - interval '291 days'), ('44527f8d-b521-48fb-9621-f46a2625efd5', 'ac6b7b37-14e5-4f0b-85f5-9e45ac75609d', 'Assez fade...', 'Le serveur était décevant. Bof.', 2, NOW() - interval '228 days'), ('44527f8d-b521-48fb-9621-f46a2625efd5', '9ce63a86-9a55-4658-af37-405fd3720b3f', 'Une belle surprise', 'Le cadre était vraiment délicieux. Grosse recommandation !', 4, NOW() - interval '6 days'), ('44527f8d-b521-48fb-9621-f46a2625efd5', '03bc1530-9df1-4d07-94db-b6f7382318bd', 'L''accueil est parfait !', 'Le rapport qualité/prix était vraiment inoubliable. Grosse recommandation !', 4, NOW() - interval '176 days'), ('2f09a9ad-bd14-476b-9469-86058b9e2152', '31fa2e1b-41a6-47f5-92d3-b7ef810e591a', 'Parfait', 'Le cadre était vraiment génial. Je recommande les yeux fermés.', 4, NOW() - interval '252 days'), ('2f09a9ad-bd14-476b-9469-86058b9e2152', 'a3422909-9e4e-49fd-98ae-b0f82f09190f', 'Le service est délicieux !', 'Le repas était vraiment inoubliable. On s''est régalés.', 4, NOW() - interval '139 days'), ('2f09a9ad-bd14-476b-9469-86058b9e2152', '1b72c8ee-28ee-410a-8689-75a0b2692d1e', 'L''ambiance est délicieux !', 'Le rapport qualité/prix était vraiment délicieux. Grosse recommandation !', 5, NOW() - interval '49 days'), ('2f09a9ad-bd14-476b-9469-86058b9e2152', 'dd1f0a16-e09e-4400-8446-ca2f853fdd45', 'Assez trop cher...', 'Le prix était fade. Pas terrible...', 3, NOW() - interval '27 days'), ('2f09a9ad-bd14-476b-9469-86058b9e2152', 'ac91d6b8-6eea-4a7b-9416-77d646b47ba1', 'Le repas est magique !', 'Le repas était vraiment délicieux. On s''est régalés.', 5, NOW() - interval '228 days'), ('2f09a9ad-bd14-476b-9469-86058b9e2152', '94955c70-a8c6-4b48-bd6d-a0378bdf35f8', 'L''accueil est délicieux !', 'Le cadre était vraiment inoubliable. On s''est régalés.', 4, NOW() - interval '273 days'), ('2f09a9ad-bd14-476b-9469-86058b9e2152', 'c07360d0-7aaa-4796-892c-99f2af58e5dc', 'Une belle surprise', 'L''accueil était vraiment magique. À refaire vite !', 4, NOW() - interval '135 days'), ('2f09a9ad-bd14-476b-9469-86058b9e2152', '0e6959fe-9d29-4d3f-bd16-f676ed23e1a9', 'L''accueil est inoubliable !', 'Le service était vraiment superbe. Une pépite.', 5, NOW() - interval '59 days'), ('2f09a9ad-bd14-476b-9469-86058b9e2152', '11107781-41f0-482d-860a-7b0eac0baf28', 'Très bon moment', 'Le repas était vraiment fantastique. Je recommande les yeux fermés.', 4, NOW() - interval '15 days'), ('2f09a9ad-bd14-476b-9469-86058b9e2152', 'd27a006a-fb77-42a3-9f21-4e082775c483', 'Le repas est parfait !', 'L''ambiance était vraiment magique. Une pépite.', 4, NOW() - interval '79 days'), ('2f09a9ad-bd14-476b-9469-86058b9e2152', '227361e9-6657-47b6-9810-55836e4d47f8', 'Excellent', 'Le repas était vraiment magique. Grosse recommandation !', 4, NOW() - interval '223 days'), ('2f09a9ad-bd14-476b-9469-86058b9e2152', '18ee1cee-36ed-4284-98e2-2d899e4dd156', 'À éviter', 'Le serveur était décevant. Dommage.', 1, NOW() - interval '255 days'), ('2f09a9ad-bd14-476b-9469-86058b9e2152', '290fb1bb-3edb-4083-9de2-6d3a49ecb5ee', 'Très bon moment', 'L''ambiance était vraiment génial. On s''est régalés.', 4, NOW() - interval '276 days'), ('2f09a9ad-bd14-476b-9469-86058b9e2152', '5ac2d9f6-4d6d-4443-ae54-0bff822102c9', 'Très bon moment', 'L''accueil était vraiment superbe. Je recommande les yeux fermés.', 5, NOW() - interval '27 days'), ('2f09a9ad-bd14-476b-9469-86058b9e2152', '9ce63a86-9a55-4658-af37-405fd3720b3f', 'Le cadre est magique !', 'Le rapport qualité/prix était vraiment très bon. Grosse recommandation !', 5, NOW() - interval '165 days'), ('2f09a9ad-bd14-476b-9469-86058b9e2152', '03bc1530-9df1-4d07-94db-b6f7382318bd', 'L''ambiance est magique !', 'L''accueil était vraiment incroyable. Une pépite.', 4, NOW() - interval '71 days'), ('2f09a9ad-bd14-476b-9469-86058b9e2152', 'ee869183-1dfa-434c-9579-5a1a7b56fe8f', 'Assez trop cher...', 'L''accueil était trop cher. Dommage.', 2, NOW() - interval '111 days'), ('2f09a9ad-bd14-476b-9469-86058b9e2152', '3db722ee-0ddd-438e-beb7-da76850c7154', 'Excellent', 'Le rapport qualité/prix était vraiment parfait. Grosse recommandation !', 5, NOW() - interval '98 days'), ('cf45b1bc-4434-4136-8ec3-a1649fd82d3e', '4e1dcd91-257a-4dba-8ca0-9b5061e38be7', 'Excellent', 'Le rapport qualité/prix était vraiment génial. À refaire vite !', 4, NOW() - interval '286 days'), ('cf45b1bc-4434-4136-8ec3-a1649fd82d3e', '5d96e310-08a3-4f1c-ba40-44428e1da3a4', 'À éviter', 'Le service était fade. Bof.', 1, NOW() - interval '272 days'), ('cf45b1bc-4434-4136-8ec3-a1649fd82d3e', '2bb8864b-54f9-4442-b91a-42d2817bef5f', 'Excellent', 'Le cadre était vraiment incroyable. On s''est régalés.', 5, NOW() - interval '248 days'), ('cf45b1bc-4434-4136-8ec3-a1649fd82d3e', 'ac6b7b37-14e5-4f0b-85f5-9e45ac75609d', 'Le service est parfait !', 'L''accueil était vraiment magique. Grosse recommandation !', 5, NOW() - interval '165 days'), ('cf45b1bc-4434-4136-8ec3-a1649fd82d3e', 'ac91d6b8-6eea-4a7b-9416-77d646b47ba1', 'Le rapport qualité/prix est fantastique !', 'L''ambiance était vraiment génial. Je recommande les yeux fermés.', 4, NOW() - interval '198 days'), ('cf45b1bc-4434-4136-8ec3-a1649fd82d3e', '4342f1eb-e0ba-42b8-9dd6-b07e1cd1b5f0', 'Parfait', 'Le cadre était vraiment génial. Bravo au chef !', 4, NOW() - interval '270 days'), ('cf45b1bc-4434-4136-8ec3-a1649fd82d3e', '1b72c8ee-28ee-410a-8689-75a0b2692d1e', 'Parfait', 'Le rapport qualité/prix était vraiment incroyable. Bravo au chef !', 4, NOW() - interval '134 days'), ('cf45b1bc-4434-4136-8ec3-a1649fd82d3e', '31fa2e1b-41a6-47f5-92d3-b7ef810e591a', 'Très bon moment', 'Le repas était vraiment délicieux. Une pépite.', 5, NOW() - interval '275 days'), ('cf45b1bc-4434-4136-8ec3-a1649fd82d3e', '7c0faf31-20b9-4044-8901-c17fd0e8b1ac', 'Le cadre est inoubliable !', 'Le service était vraiment superbe. Une pépite.', 4, NOW() - interval '42 days'), ('cf45b1bc-4434-4136-8ec3-a1649fd82d3e', '9ca9e6c9-aa10-451d-8207-3eab8c14c940', 'Parfait', 'L''accueil était vraiment superbe. Je recommande les yeux fermés.', 5, NOW() - interval '4 days'), ('cf45b1bc-4434-4136-8ec3-a1649fd82d3e', '9ce63a86-9a55-4658-af37-405fd3720b3f', 'Assez trop cher...', 'Le plat était long. Dommage.', 3, NOW() - interval '60 days'), ('cf45b1bc-4434-4136-8ec3-a1649fd82d3e', '164104fa-c7b3-4e2c-86ca-e7513888f36b', 'Le repas est incroyable !', 'Le repas était vraiment délicieux. On s''est régalés.', 5, NOW() - interval '46 days'), ('cf45b1bc-4434-4136-8ec3-a1649fd82d3e', '5ac2d9f6-4d6d-4443-ae54-0bff822102c9', 'Le cadre est incroyable !', 'L''accueil était vraiment magique. Bravo au chef !', 4, NOW() - interval '143 days'), ('cf45b1bc-4434-4136-8ec3-a1649fd82d3e', '97dec6b9-4a32-435c-87c1-cf22c5179718', 'Très bon moment', 'Le cadre était vraiment délicieux. Grosse recommandation !', 5, NOW() - interval '180 days'), ('b9dc0fd1-b999-4e26-b0ba-9c829a359cf0', '227361e9-6657-47b6-9810-55836e4d47f8', 'L''ambiance est très bon !', 'Le rapport qualité/prix était vraiment très bon. On s''est régalés.', 4, NOW() - interval '37 days'), ('b9dc0fd1-b999-4e26-b0ba-9c829a359cf0', '77dc0678-179f-4f4c-93fd-8e5dcc0258f8', 'L''accueil est parfait !', 'L''accueil était vraiment délicieux. Je recommande les yeux fermés.', 4, NOW() - interval '73 days'), ('b9dc0fd1-b999-4e26-b0ba-9c829a359cf0', '42540a79-dbb5-4f69-adb6-1ce78ac0b01f', 'Parfait', 'L''accueil était vraiment magique. Bravo au chef !', 5, NOW() - interval '102 days'), ('b9dc0fd1-b999-4e26-b0ba-9c829a359cf0', '4e1dcd91-257a-4dba-8ca0-9b5061e38be7', 'Excellent', 'L''accueil était vraiment délicieux. À refaire vite !', 5, NOW() - interval '282 days'), ('b9dc0fd1-b999-4e26-b0ba-9c829a359cf0', '94955c70-a8c6-4b48-bd6d-a0378bdf35f8', 'Excellent', 'Le service était vraiment superbe. Bravo au chef !', 4, NOW() - interval '112 days'), ('b9dc0fd1-b999-4e26-b0ba-9c829a359cf0', '290fb1bb-3edb-4083-9de2-6d3a49ecb5ee', 'L''accueil est génial !', 'L''accueil était vraiment superbe. Une pépite.', 5, NOW() - interval '11 days'), ('b9dc0fd1-b999-4e26-b0ba-9c829a359cf0', '6133b574-637b-4361-afca-cb1a1fdda751', 'Assez moyen...', 'L''accueil était moyen. Passez votre chemin.', 3, NOW() - interval '162 days'), ('b9dc0fd1-b999-4e26-b0ba-9c829a359cf0', '9ce63a86-9a55-4658-af37-405fd3720b3f', 'Parfait', 'Le service était vraiment magique. Une pépite.', 4, NOW() - interval '212 days'), ('b9dc0fd1-b999-4e26-b0ba-9c829a359cf0', '5ac2d9f6-4d6d-4443-ae54-0bff822102c9', 'Excellent', 'L''accueil était vraiment délicieux. Je recommande les yeux fermés.', 4, NOW() - interval '156 days'), ('b9dc0fd1-b999-4e26-b0ba-9c829a359cf0', '02789c3c-322c-409b-807d-9b9b95441d0e', 'Moyen', 'Le service était moyen. Passez votre chemin.', 1, NOW() - interval '98 days'), ('b9dc0fd1-b999-4e26-b0ba-9c829a359cf0', '60314da6-42eb-4559-a10e-69cbe2d36cf9', 'Parfait', 'Le rapport qualité/prix était vraiment inoubliable. Bravo au chef !', 4, NOW() - interval '110 days'), ('b9dc0fd1-b999-4e26-b0ba-9c829a359cf0', 'ac341708-56b0-47ed-b6a3-10f26ed2a26b', 'L''ambiance est très bon !', 'Le rapport qualité/prix était vraiment superbe. Grosse recommandation !', 5, NOW() - interval '173 days'), ('b9dc0fd1-b999-4e26-b0ba-9c829a359cf0', '1843209f-1f6e-4217-b4c2-e5672d02e645', 'Parfait', 'L''accueil était vraiment parfait. Bravo au chef !', 5, NOW() - interval '89 days'), ('b9dc0fd1-b999-4e26-b0ba-9c829a359cf0', '9ca9e6c9-aa10-451d-8207-3eab8c14c940', 'Parfait', 'Le service était vraiment génial. On s''est régalés.', 5, NOW() - interval '39 days'), ('5be4ba7c-0875-4240-aa71-897c9eda8cb7', '227361e9-6657-47b6-9810-55836e4d47f8', 'L''accueil est délicieux !', 'Le repas était vraiment délicieux. À refaire vite !', 4, NOW() - interval '120 days'), ('5be4ba7c-0875-4240-aa71-897c9eda8cb7', '03bc1530-9df1-4d07-94db-b6f7382318bd', 'L''accueil est superbe !', 'Le service était vraiment inoubliable. On s''est régalés.', 5, NOW() - interval '78 days'), ('5be4ba7c-0875-4240-aa71-897c9eda8cb7', '97dec6b9-4a32-435c-87c1-cf22c5179718', 'L''ambiance est génial !', 'Le repas était vraiment magique. À refaire vite !', 4, NOW() - interval '97 days'), ('5be4ba7c-0875-4240-aa71-897c9eda8cb7', 'c07360d0-7aaa-4796-892c-99f2af58e5dc', 'Excellent', 'Le service était vraiment inoubliable. Je recommande les yeux fermés.', 4, NOW() - interval '283 days'), ('5be4ba7c-0875-4240-aa71-897c9eda8cb7', '89636343-4cd4-4034-b534-6dc9820bb234', 'L''ambiance est incroyable !', 'Le rapport qualité/prix était vraiment parfait. Une pépite.', 5, NOW() - interval '178 days'), ('5be4ba7c-0875-4240-aa71-897c9eda8cb7', '7c0faf31-20b9-4044-8901-c17fd0e8b1ac', 'Parfait', 'Le service était vraiment incroyable. Je recommande les yeux fermés.', 4, NOW() - interval '286 days'), ('5be4ba7c-0875-4240-aa71-897c9eda8cb7', '3519da42-49b8-460a-be62-77be301d59f2', 'Assez trop cher...', 'Le serveur était bruyant. À éviter.', 3, NOW() - interval '133 days'), ('5be4ba7c-0875-4240-aa71-897c9eda8cb7', '02789c3c-322c-409b-807d-9b9b95441d0e', 'Une belle surprise', 'Le cadre était vraiment incroyable. Une pépite.', 4, NOW() - interval '152 days'), ('5be4ba7c-0875-4240-aa71-897c9eda8cb7', 'e093f64e-03fe-4b56-985d-ed8e592517f2', 'L''accueil est inoubliable !', 'Le rapport qualité/prix était vraiment délicieux. Je recommande les yeux fermés.', 5, NOW() - interval '185 days'), ('5be4ba7c-0875-4240-aa71-897c9eda8cb7', '564fd6b0-8289-4c04-8738-9a2738c00962', 'Bof', 'Le serveur était bruyant. Pas terrible...', 1, NOW() - interval '83 days'), ('5be4ba7c-0875-4240-aa71-897c9eda8cb7', 'b0b99c9e-4492-41a3-bbe0-71088e58602a', 'Décevant', 'Le plat était bruyant. À éviter.', 3, NOW() - interval '25 days'), ('5be4ba7c-0875-4240-aa71-897c9eda8cb7', '94955c70-a8c6-4b48-bd6d-a0378bdf35f8', 'Bof', 'Le serveur était décevant. Passez votre chemin.', 3, NOW() - interval '103 days'), ('fe115c96-126b-4a4c-b06e-459d22b9bc8a', '99bf7bb3-8db0-441e-9d08-d6787496c93c', 'Le rapport qualité/prix est parfait !', 'Le cadre était vraiment parfait. Une pépite.', 4, NOW() - interval '192 days'), ('fe115c96-126b-4a4c-b06e-459d22b9bc8a', '585cc9c5-c450-43c7-9fed-549133e85b2e', 'L''accueil est magique !', 'Le cadre était vraiment génial. Une pépite.', 4, NOW() - interval '95 days'), ('fe115c96-126b-4a4c-b06e-459d22b9bc8a', '265775a9-449c-48ee-b159-0544daaec135', 'Très bon moment', 'Le cadre était vraiment superbe. Bravo au chef !', 5, NOW() - interval '165 days'), ('fe115c96-126b-4a4c-b06e-459d22b9bc8a', '4342f1eb-e0ba-42b8-9dd6-b07e1cd1b5f0', 'Le service est parfait !', 'Le repas était vraiment fantastique. Une pépite.', 4, NOW() - interval '216 days'), ('fe115c96-126b-4a4c-b06e-459d22b9bc8a', '18ee1cee-36ed-4284-98e2-2d899e4dd156', 'Très bon moment', 'Le repas était vraiment inoubliable. Grosse recommandation !', 5, NOW() - interval '136 days'), ('fe115c96-126b-4a4c-b06e-459d22b9bc8a', '02789c3c-322c-409b-807d-9b9b95441d0e', 'Assez moyen...', 'Le prix était moyen. Pas terrible...', 2, NOW() - interval '85 days'), ('fe115c96-126b-4a4c-b06e-459d22b9bc8a', '31fa2e1b-41a6-47f5-92d3-b7ef810e591a', 'Le service est incroyable !', 'L''accueil était vraiment délicieux. Bravo au chef !', 4, NOW() - interval '95 days'), ('fe115c96-126b-4a4c-b06e-459d22b9bc8a', 'b0b99c9e-4492-41a3-bbe0-71088e58602a', 'À éviter', 'Le serveur était moyen. Je n''y retournerai pas.', 3, NOW() - interval '104 days'), ('fe115c96-126b-4a4c-b06e-459d22b9bc8a', '9ce63a86-9a55-4658-af37-405fd3720b3f', 'Très bon moment', 'Le service était vraiment parfait. À refaire vite !', 5, NOW() - interval '62 days'), ('fe115c96-126b-4a4c-b06e-459d22b9bc8a', '89636343-4cd4-4034-b534-6dc9820bb234', 'Le repas est incroyable !', 'Le rapport qualité/prix était vraiment génial. Une pépite.', 4, NOW() - interval '168 days'), ('fe115c96-126b-4a4c-b06e-459d22b9bc8a', '97dec6b9-4a32-435c-87c1-cf22c5179718', 'L''ambiance est très bon !', 'Le repas était vraiment incroyable. À refaire vite !', 4, NOW() - interval '299 days'), ('fe115c96-126b-4a4c-b06e-459d22b9bc8a', '164104fa-c7b3-4e2c-86ca-e7513888f36b', 'L''accueil est très bon !', 'Le repas était vraiment très bon. On s''est régalés.', 4, NOW() - interval '296 days'), ('fe115c96-126b-4a4c-b06e-459d22b9bc8a', '3db722ee-0ddd-438e-beb7-da76850c7154', 'Le rapport qualité/prix est très bon !', 'L''ambiance était vraiment génial. Je recommande les yeux fermés.', 5, NOW() - interval '60 days'), ('fe115c96-126b-4a4c-b06e-459d22b9bc8a', '290fb1bb-3edb-4083-9de2-6d3a49ecb5ee', 'Parfait', 'Le service était vraiment génial. On s''est régalés.', 4, NOW() - interval '108 days'), ('fafa969a-993b-4351-99fe-869146cabecb', 'a3422909-9e4e-49fd-98ae-b0f82f09190f', 'Le service est parfait !', 'Le cadre était vraiment superbe. Une pépite.', 5, NOW() - interval '224 days'), ('fafa969a-993b-4351-99fe-869146cabecb', '9ce63a86-9a55-4658-af37-405fd3720b3f', 'Assez long...', 'Le serveur était fade. Bof.', 2, NOW() - interval '47 days'), ('fafa969a-993b-4351-99fe-869146cabecb', 'dd1f0a16-e09e-4400-8446-ca2f853fdd45', 'Parfait', 'Le rapport qualité/prix était vraiment très bon. On s''est régalés.', 5, NOW() - interval '300 days'), ('fafa969a-993b-4351-99fe-869146cabecb', 'ac91d6b8-6eea-4a7b-9416-77d646b47ba1', 'Assez long...', 'Le serveur était décevant. Dommage.', 1, NOW() - interval '284 days'), ('fafa969a-993b-4351-99fe-869146cabecb', '94955c70-a8c6-4b48-bd6d-a0378bdf35f8', 'Le cadre est délicieux !', 'Le rapport qualité/prix était vraiment incroyable. À refaire vite !', 4, NOW() - interval '203 days'), ('fafa969a-993b-4351-99fe-869146cabecb', 'ac6b7b37-14e5-4f0b-85f5-9e45ac75609d', 'Excellent', 'Le service était vraiment délicieux. À refaire vite !', 5, NOW() - interval '56 days'), ('fafa969a-993b-4351-99fe-869146cabecb', '5d96e310-08a3-4f1c-ba40-44428e1da3a4', 'Parfait', 'Le rapport qualité/prix était vraiment incroyable. À refaire vite !', 4, NOW() - interval '270 days'), ('fafa969a-993b-4351-99fe-869146cabecb', '3db722ee-0ddd-438e-beb7-da76850c7154', 'Le cadre est fantastique !', 'L''ambiance était vraiment génial. On s''est régalés.', 4, NOW() - interval '134 days'), ('fafa969a-993b-4351-99fe-869146cabecb', 'e093f64e-03fe-4b56-985d-ed8e592517f2', 'Assez fade...', 'L''accueil était bruyant. Passez votre chemin.', 3, NOW() - interval '232 days'), ('fafa969a-993b-4351-99fe-869146cabecb', 'd4fb62c4-f4fd-4cdb-918c-0fbdfd9c5014', 'Décevant', 'L''accueil était trop cher. Je n''y retournerai pas.', 1, NOW() - interval '200 days'), ('fafa969a-993b-4351-99fe-869146cabecb', '31fa2e1b-41a6-47f5-92d3-b7ef810e591a', 'Une belle surprise', 'Le repas était vraiment génial. On s''est régalés.', 4, NOW() - interval '138 days'), ('fafa969a-993b-4351-99fe-869146cabecb', '77dc0678-179f-4f4c-93fd-8e5dcc0258f8', 'Le cadre est génial !', 'L''ambiance était vraiment génial. Grosse recommandation !', 4, NOW() - interval '44 days'), ('fafa969a-993b-4351-99fe-869146cabecb', '3a03cc54-3122-424b-8e68-45678385efd7', 'Une belle surprise', 'Le cadre était vraiment fantastique. Grosse recommandation !', 4, NOW() - interval '21 days'), ('fafa969a-993b-4351-99fe-869146cabecb', '164104fa-c7b3-4e2c-86ca-e7513888f36b', 'Excellent', 'Le service était vraiment fantastique. On s''est régalés.', 5, NOW() - interval '15 days'), ('fafa969a-993b-4351-99fe-869146cabecb', '539b8fa2-0b17-43a1-a6c1-12ec37eeb523', 'Excellent', 'Le rapport qualité/prix était vraiment parfait. Une pépite.', 5, NOW() - interval '243 days'), ('64f410bc-c386-4175-9b71-424d916279fd', '42540a79-dbb5-4f69-adb6-1ce78ac0b01f', 'L''accueil est parfait !', 'Le cadre était vraiment magique. On s''est régalés.', 4, NOW() - interval '96 days'), ('64f410bc-c386-4175-9b71-424d916279fd', '99bf7bb3-8db0-441e-9d08-d6787496c93c', 'Une belle surprise', 'Le cadre était vraiment délicieux. À refaire vite !', 4, NOW() - interval '142 days'), ('64f410bc-c386-4175-9b71-424d916279fd', '2bb8864b-54f9-4442-b91a-42d2817bef5f', 'Le rapport qualité/prix est inoubliable !', 'Le service était vraiment parfait. Bravo au chef !', 4, NOW() - interval '167 days'), ('64f410bc-c386-4175-9b71-424d916279fd', '94955c70-a8c6-4b48-bd6d-a0378bdf35f8', 'Parfait', 'L''accueil était vraiment délicieux. Je recommande les yeux fermés.', 5, NOW() - interval '22 days'), ('64f410bc-c386-4175-9b71-424d916279fd', '60314da6-42eb-4559-a10e-69cbe2d36cf9', 'Assez moyen...', 'L''accueil était moyen. Je n''y retournerai pas.', 2, NOW() - interval '67 days'), ('64f410bc-c386-4175-9b71-424d916279fd', '9ce63a86-9a55-4658-af37-405fd3720b3f', 'Assez moyen...', 'Le serveur était long. Passez votre chemin.', 3, NOW() - interval '150 days'), ('64f410bc-c386-4175-9b71-424d916279fd', '4e1dcd91-257a-4dba-8ca0-9b5061e38be7', 'Le cadre est superbe !', 'Le repas était vraiment parfait. Bravo au chef !', 4, NOW() - interval '109 days'), ('64f410bc-c386-4175-9b71-424d916279fd', '1b72c8ee-28ee-410a-8689-75a0b2692d1e', 'Décevant', 'L''accueil était bruyant. Passez votre chemin.', 3, NOW() - interval '224 days'), ('64f410bc-c386-4175-9b71-424d916279fd', '89636343-4cd4-4034-b534-6dc9820bb234', 'Assez bruyant...', 'Le serveur était bruyant. Bof.', 2, NOW() - interval '92 days'), ('64f410bc-c386-4175-9b71-424d916279fd', '02789c3c-322c-409b-807d-9b9b95441d0e', 'Assez fade...', 'Le plat était moyen. À éviter.', 2, NOW() - interval '129 days'), ('64f410bc-c386-4175-9b71-424d916279fd', '3db722ee-0ddd-438e-beb7-da76850c7154', 'Excellent', 'Le cadre était vraiment très bon. Je recommande les yeux fermés.', 5, NOW() - interval '163 days'), ('64f410bc-c386-4175-9b71-424d916279fd', '18ee1cee-36ed-4284-98e2-2d899e4dd156', 'À éviter', 'Le serveur était long. Dommage.', 3, NOW() - interval '123 days'), ('64f410bc-c386-4175-9b71-424d916279fd', '265775a9-449c-48ee-b159-0544daaec135', 'Assez fade...', 'Le plat était long. Dommage.', 3, NOW() - interval '273 days'), ('64f410bc-c386-4175-9b71-424d916279fd', '03bc1530-9df1-4d07-94db-b6f7382318bd', 'Le service est parfait !', 'L''accueil était vraiment délicieux. Bravo au chef !', 5, NOW() - interval '268 days'), ('64f410bc-c386-4175-9b71-424d916279fd', 'ac91d6b8-6eea-4a7b-9416-77d646b47ba1', 'Excellent', 'L''ambiance était vraiment très bon. On s''est régalés.', 4, NOW() - interval '139 days'), ('64f410bc-c386-4175-9b71-424d916279fd', 'ac341708-56b0-47ed-b6a3-10f26ed2a26b', 'L''accueil est magique !', 'Le service était vraiment magique. Une pépite.', 5, NOW() - interval '55 days'), ('64f410bc-c386-4175-9b71-424d916279fd', '4342f1eb-e0ba-42b8-9dd6-b07e1cd1b5f0', 'Moyen', 'Le plat était trop cher. Pas terrible...', 1, NOW() - interval '18 days'), ('64f410bc-c386-4175-9b71-424d916279fd', '6133b574-637b-4361-afca-cb1a1fdda751', 'L''accueil est superbe !', 'Le rapport qualité/prix était vraiment inoubliable. Une pépite.', 5, NOW() - interval '12 days'), ('64f410bc-c386-4175-9b71-424d916279fd', '97dec6b9-4a32-435c-87c1-cf22c5179718', 'Le rapport qualité/prix est fantastique !', 'L''accueil était vraiment inoubliable. Une pépite.', 4, NOW() - interval '200 days'), ('64f410bc-c386-4175-9b71-424d916279fd', 'a3422909-9e4e-49fd-98ae-b0f82f09190f', 'Le service est inoubliable !', 'Le rapport qualité/prix était vraiment inoubliable. Je recommande les yeux fermés.', 4, NOW() - interval '105 days'), ('18daaee0-e61c-47f9-9f30-78d8887d70fa', 'd4fb62c4-f4fd-4cdb-918c-0fbdfd9c5014', 'Assez trop cher...', 'Le service était décevant. À éviter.', 1, NOW() - interval '1 days'), ('18daaee0-e61c-47f9-9f30-78d8887d70fa', 'a3422909-9e4e-49fd-98ae-b0f82f09190f', 'Excellent', 'Le rapport qualité/prix était vraiment très bon. Une pépite.', 4, NOW() - interval '250 days'), ('18daaee0-e61c-47f9-9f30-78d8887d70fa', '99bf7bb3-8db0-441e-9d08-d6787496c93c', 'L''accueil est fantastique !', 'Le repas était vraiment magique. Je recommande les yeux fermés.', 4, NOW() - interval '7 days'), ('18daaee0-e61c-47f9-9f30-78d8887d70fa', 'e8eb9ac6-8665-45e2-9753-c955d4b91286', 'Excellent', 'Le repas était vraiment fantastique. Grosse recommandation !', 5, NOW() - interval '217 days'), ('18daaee0-e61c-47f9-9f30-78d8887d70fa', '03bc1530-9df1-4d07-94db-b6f7382318bd', 'Une belle surprise', 'Le repas était vraiment inoubliable. Je recommande les yeux fermés.', 5, NOW() - interval '23 days'), ('18daaee0-e61c-47f9-9f30-78d8887d70fa', 'c07360d0-7aaa-4796-892c-99f2af58e5dc', 'Le service est inoubliable !', 'Le service était vraiment fantastique. On s''est régalés.', 4, NOW() - interval '52 days'), ('18daaee0-e61c-47f9-9f30-78d8887d70fa', '94955c70-a8c6-4b48-bd6d-a0378bdf35f8', 'Une belle surprise', 'L''accueil était vraiment superbe. Je recommande les yeux fermés.', 4, NOW() - interval '148 days'), ('18daaee0-e61c-47f9-9f30-78d8887d70fa', '5ac2d9f6-4d6d-4443-ae54-0bff822102c9', 'Excellent', 'L''ambiance était vraiment parfait. Grosse recommandation !', 4, NOW() - interval '213 days'), ('18daaee0-e61c-47f9-9f30-78d8887d70fa', '227361e9-6657-47b6-9810-55836e4d47f8', 'Décevant', 'Le prix était long. Bof.', 1, NOW() - interval '183 days'), ('18daaee0-e61c-47f9-9f30-78d8887d70fa', '1843209f-1f6e-4217-b4c2-e5672d02e645', 'Parfait', 'L''ambiance était vraiment très bon. Une pépite.', 5, NOW() - interval '253 days'), ('18daaee0-e61c-47f9-9f30-78d8887d70fa', '3519da42-49b8-460a-be62-77be301d59f2', 'Assez long...', 'Le serveur était moyen. Passez votre chemin.', 1, NOW() - interval '68 days'), ('e6e753e9-94f3-4859-be03-3c4319f88224', 'd27a006a-fb77-42a3-9f21-4e082775c483', 'Assez trop cher...', 'Le plat était bruyant. À éviter.', 3, NOW() - interval '68 days'), ('e6e753e9-94f3-4859-be03-3c4319f88224', '97dec6b9-4a32-435c-87c1-cf22c5179718', 'Une belle surprise', 'L''accueil était vraiment superbe. À refaire vite !', 5, NOW() - interval '170 days'), ('e6e753e9-94f3-4859-be03-3c4319f88224', '03bc1530-9df1-4d07-94db-b6f7382318bd', 'L''accueil est superbe !', 'Le service était vraiment superbe. Une pépite.', 4, NOW() - interval '228 days'), ('e6e753e9-94f3-4859-be03-3c4319f88224', '0e6959fe-9d29-4d3f-bd16-f676ed23e1a9', 'Le rapport qualité/prix est superbe !', 'Le cadre était vraiment parfait. Bravo au chef !', 4, NOW() - interval '198 days'), ('e6e753e9-94f3-4859-be03-3c4319f88224', '4342f1eb-e0ba-42b8-9dd6-b07e1cd1b5f0', 'Le cadre est fantastique !', 'L''ambiance était vraiment superbe. Une pépite.', 4, NOW() - interval '124 days'), ('e6e753e9-94f3-4859-be03-3c4319f88224', 'e093f64e-03fe-4b56-985d-ed8e592517f2', 'Parfait', 'Le cadre était vraiment très bon. Bravo au chef !', 4, NOW() - interval '95 days'), ('e6e753e9-94f3-4859-be03-3c4319f88224', 'e8eb9ac6-8665-45e2-9753-c955d4b91286', 'À éviter', 'L''accueil était décevant. Pas terrible...', 3, NOW() - interval '197 days'), ('e6e753e9-94f3-4859-be03-3c4319f88224', '6133b574-637b-4361-afca-cb1a1fdda751', 'L''accueil est génial !', 'L''ambiance était vraiment magique. Grosse recommandation !', 5, NOW() - interval '219 days'), ('e6e753e9-94f3-4859-be03-3c4319f88224', 'bd4124f5-7096-4604-8dd0-c1e75dda982c', 'L''accueil est délicieux !', 'Le repas était vraiment délicieux. À refaire vite !', 5, NOW() - interval '70 days'), ('e6e753e9-94f3-4859-be03-3c4319f88224', '2bb8864b-54f9-4442-b91a-42d2817bef5f', 'Excellent', 'Le rapport qualité/prix était vraiment délicieux. Je recommande les yeux fermés.', 5, NOW() - interval '49 days'), ('e6e753e9-94f3-4859-be03-3c4319f88224', '5c5f98d4-892f-490c-8f62-9723b276e0df', 'L''accueil est parfait !', 'Le cadre était vraiment délicieux. À refaire vite !', 4, NOW() - interval '150 days'), ('4551e25a-fadf-4225-b1f8-f009f7767623', '77dc0678-179f-4f4c-93fd-8e5dcc0258f8', 'Le cadre est délicieux !', 'Le cadre était vraiment incroyable. On s''est régalés.', 5, NOW() - interval '265 days'), ('4551e25a-fadf-4225-b1f8-f009f7767623', '1b72c8ee-28ee-410a-8689-75a0b2692d1e', 'Le cadre est génial !', 'Le rapport qualité/prix était vraiment superbe. Grosse recommandation !', 4, NOW() - interval '51 days'), ('4551e25a-fadf-4225-b1f8-f009f7767623', '9ce63a86-9a55-4658-af37-405fd3720b3f', 'Le cadre est superbe !', 'Le repas était vraiment très bon. Grosse recommandation !', 5, NOW() - interval '148 days'), ('4551e25a-fadf-4225-b1f8-f009f7767623', '1843209f-1f6e-4217-b4c2-e5672d02e645', 'Très bon moment', 'Le service était vraiment superbe. À refaire vite !', 5, NOW() - interval '141 days'), ('4551e25a-fadf-4225-b1f8-f009f7767623', '5ac2d9f6-4d6d-4443-ae54-0bff822102c9', 'Le repas est très bon !', 'Le service était vraiment très bon. Bravo au chef !', 5, NOW() - interval '217 days'), ('4551e25a-fadf-4225-b1f8-f009f7767623', '4e1dcd91-257a-4dba-8ca0-9b5061e38be7', 'L''ambiance est magique !', 'Le repas était vraiment fantastique. Une pépite.', 4, NOW() - interval '151 days'), ('4551e25a-fadf-4225-b1f8-f009f7767623', 'd27a006a-fb77-42a3-9f21-4e082775c483', 'Bof', 'Le prix était trop cher. Dommage.', 3, NOW() - interval '103 days'), ('4551e25a-fadf-4225-b1f8-f009f7767623', '4342f1eb-e0ba-42b8-9dd6-b07e1cd1b5f0', 'Le cadre est délicieux !', 'L''accueil était vraiment superbe. On s''est régalés.', 4, NOW() - interval '74 days'), ('4551e25a-fadf-4225-b1f8-f009f7767623', '31fa2e1b-41a6-47f5-92d3-b7ef810e591a', 'Assez fade...', 'Le serveur était moyen. Je n''y retournerai pas.', 2, NOW() - interval '137 days'), ('4551e25a-fadf-4225-b1f8-f009f7767623', '60314da6-42eb-4559-a10e-69cbe2d36cf9', 'Une belle surprise', 'Le cadre était vraiment parfait. Grosse recommandation !', 4, NOW() - interval '183 days'), ('4551e25a-fadf-4225-b1f8-f009f7767623', '290fb1bb-3edb-4083-9de2-6d3a49ecb5ee', 'Le rapport qualité/prix est très bon !', 'L''ambiance était vraiment délicieux. Grosse recommandation !', 5, NOW() - interval '216 days'), ('4551e25a-fadf-4225-b1f8-f009f7767623', 'ee869183-1dfa-434c-9579-5a1a7b56fe8f', 'Le rapport qualité/prix est génial !', 'L''ambiance était vraiment fantastique. Une pépite.', 4, NOW() - interval '144 days'), ('4551e25a-fadf-4225-b1f8-f009f7767623', 'e093f64e-03fe-4b56-985d-ed8e592517f2', 'Moyen', 'L''accueil était décevant. Dommage.', 2, NOW() - interval '284 days'), ('4551e25a-fadf-4225-b1f8-f009f7767623', '9ca9e6c9-aa10-451d-8207-3eab8c14c940', 'Bof', 'Le plat était long. Bof.', 2, NOW() - interval '289 days'), ('4004828b-bac9-4b12-af2b-edea33569839', '99bf7bb3-8db0-441e-9d08-d6787496c93c', 'Excellent', 'L''accueil était vraiment très bon. On s''est régalés.', 5, NOW() - interval '151 days'), ('4004828b-bac9-4b12-af2b-edea33569839', '4e1dcd91-257a-4dba-8ca0-9b5061e38be7', 'Une belle surprise', 'Le cadre était vraiment incroyable. Bravo au chef !', 5, NOW() - interval '165 days'), ('4004828b-bac9-4b12-af2b-edea33569839', '86ff35c8-2d91-4129-ba9f-6e1d2f24b43a', 'Le repas est superbe !', 'Le repas était vraiment génial. Grosse recommandation !', 5, NOW() - interval '89 days'), ('4004828b-bac9-4b12-af2b-edea33569839', '265775a9-449c-48ee-b159-0544daaec135', 'Assez décevant...', 'Le plat était long. Pas terrible...', 3, NOW() - interval '98 days'), ('4004828b-bac9-4b12-af2b-edea33569839', '93cf7e5d-1df4-4b2a-807b-c280df79b42b', 'Parfait', 'L''ambiance était vraiment incroyable. Bravo au chef !', 5, NOW() - interval '277 days'), ('4004828b-bac9-4b12-af2b-edea33569839', '18ee1cee-36ed-4284-98e2-2d899e4dd156', 'Assez fade...', 'L''accueil était bruyant. Dommage.', 2, NOW() - interval '193 days'), ('4004828b-bac9-4b12-af2b-edea33569839', 'bd4124f5-7096-4604-8dd0-c1e75dda982c', 'Le service est inoubliable !', 'Le service était vraiment inoubliable. Une pépite.', 4, NOW() - interval '229 days'), ('4004828b-bac9-4b12-af2b-edea33569839', '89636343-4cd4-4034-b534-6dc9820bb234', 'Très bon moment', 'Le rapport qualité/prix était vraiment incroyable. Une pépite.', 5, NOW() - interval '149 days'), ('4004828b-bac9-4b12-af2b-edea33569839', 'b0b99c9e-4492-41a3-bbe0-71088e58602a', 'Assez fade...', 'Le service était trop cher. Bof.', 1, NOW() - interval '168 days'), ('4004828b-bac9-4b12-af2b-edea33569839', '2bb8864b-54f9-4442-b91a-42d2817bef5f', 'Très bon moment', 'Le rapport qualité/prix était vraiment génial. Je recommande les yeux fermés.', 4, NOW() - interval '163 days'), ('4004828b-bac9-4b12-af2b-edea33569839', '9ce63a86-9a55-4658-af37-405fd3720b3f', 'Assez bruyant...', 'Le plat était fade. Bof.', 3, NOW() - interval '123 days'), ('ea97b00e-588f-4c42-94b6-c3ca1f4f2747', '9ce63a86-9a55-4658-af37-405fd3720b3f', 'Assez décevant...', 'Le plat était décevant. Pas terrible...', 3, NOW() - interval '100 days'), ('ea97b00e-588f-4c42-94b6-c3ca1f4f2747', '03bc1530-9df1-4d07-94db-b6f7382318bd', 'Très bon moment', 'Le repas était vraiment fantastique. Une pépite.', 4, NOW() - interval '45 days'), ('ea97b00e-588f-4c42-94b6-c3ca1f4f2747', '77dc0678-179f-4f4c-93fd-8e5dcc0258f8', 'À éviter', 'Le service était fade. Je n''y retournerai pas.', 2, NOW() - interval '75 days'), ('ea97b00e-588f-4c42-94b6-c3ca1f4f2747', '5c5f98d4-892f-490c-8f62-9723b276e0df', 'Bof', 'Le prix était fade. Pas terrible...', 1, NOW() - interval '43 days'), ('ea97b00e-588f-4c42-94b6-c3ca1f4f2747', '265775a9-449c-48ee-b159-0544daaec135', 'Très bon moment', 'Le repas était vraiment magique. Grosse recommandation !', 4, NOW() - interval '60 days'), ('ea97b00e-588f-4c42-94b6-c3ca1f4f2747', '4e1dcd91-257a-4dba-8ca0-9b5061e38be7', 'Assez moyen...', 'Le plat était décevant. Pas terrible...', 3, NOW() - interval '127 days'), ('ea97b00e-588f-4c42-94b6-c3ca1f4f2747', '585cc9c5-c450-43c7-9fed-549133e85b2e', 'Bof', 'Le serveur était moyen. Dommage.', 3, NOW() - interval '139 days'), ('ea97b00e-588f-4c42-94b6-c3ca1f4f2747', '539b8fa2-0b17-43a1-a6c1-12ec37eeb523', 'Une belle surprise', 'Le service était vraiment très bon. Une pépite.', 5, NOW() - interval '4 days'), ('ea97b00e-588f-4c42-94b6-c3ca1f4f2747', '02789c3c-322c-409b-807d-9b9b95441d0e', 'Le repas est superbe !', 'L''accueil était vraiment délicieux. Bravo au chef !', 4, NOW() - interval '37 days'), ('ea97b00e-588f-4c42-94b6-c3ca1f4f2747', '1b72c8ee-28ee-410a-8689-75a0b2692d1e', 'L''ambiance est délicieux !', 'Le service était vraiment très bon. On s''est régalés.', 4, NOW() - interval '75 days'), ('ea97b00e-588f-4c42-94b6-c3ca1f4f2747', '5ac2d9f6-4d6d-4443-ae54-0bff822102c9', 'Très bon moment', 'Le service était vraiment incroyable. Une pépite.', 4, NOW() - interval '29 days'), ('ea97b00e-588f-4c42-94b6-c3ca1f4f2747', 'b0b99c9e-4492-41a3-bbe0-71088e58602a', 'Assez décevant...', 'Le plat était long. Je n''y retournerai pas.', 2, NOW() - interval '63 days'), ('c0b01697-06c7-4feb-b0ac-e726c566b97c', '6133b574-637b-4361-afca-cb1a1fdda751', 'Assez long...', 'Le prix était bruyant. À éviter.', 2, NOW() - interval '111 days'), ('c0b01697-06c7-4feb-b0ac-e726c566b97c', '94955c70-a8c6-4b48-bd6d-a0378bdf35f8', 'L''ambiance est délicieux !', 'L''ambiance était vraiment superbe. On s''est régalés.', 4, NOW() - interval '249 days'), ('c0b01697-06c7-4feb-b0ac-e726c566b97c', 'a3422909-9e4e-49fd-98ae-b0f82f09190f', 'Excellent', 'Le cadre était vraiment inoubliable. On s''est régalés.', 5, NOW() - interval '157 days'), ('c0b01697-06c7-4feb-b0ac-e726c566b97c', '11107781-41f0-482d-860a-7b0eac0baf28', 'Une belle surprise', 'Le rapport qualité/prix était vraiment fantastique. Une pépite.', 5, NOW() - interval '77 days'), ('c0b01697-06c7-4feb-b0ac-e726c566b97c', '9ce63a86-9a55-4658-af37-405fd3720b3f', 'Excellent', 'L''accueil était vraiment superbe. Une pépite.', 5, NOW() - interval '106 days'), ('c0b01697-06c7-4feb-b0ac-e726c566b97c', 'd4fb62c4-f4fd-4cdb-918c-0fbdfd9c5014', 'L''ambiance est superbe !', 'Le repas était vraiment délicieux. À refaire vite !', 4, NOW() - interval '67 days'), ('c0b01697-06c7-4feb-b0ac-e726c566b97c', '89636343-4cd4-4034-b534-6dc9820bb234', 'Moyen', 'Le serveur était bruyant. Pas terrible...', 2, NOW() - interval '264 days'), ('c0b01697-06c7-4feb-b0ac-e726c566b97c', '5d96e310-08a3-4f1c-ba40-44428e1da3a4', 'Parfait', 'Le service était vraiment inoubliable. Bravo au chef !', 4, NOW() - interval '264 days'), ('c0b01697-06c7-4feb-b0ac-e726c566b97c', '3db722ee-0ddd-438e-beb7-da76850c7154', 'Assez long...', 'Le serveur était trop cher. Pas terrible...', 1, NOW() - interval '125 days'), ('c0b01697-06c7-4feb-b0ac-e726c566b97c', '3519da42-49b8-460a-be62-77be301d59f2', 'Assez trop cher...', 'Le service était trop cher. Dommage.', 1, NOW() - interval '158 days'), ('c0b01697-06c7-4feb-b0ac-e726c566b97c', '02789c3c-322c-409b-807d-9b9b95441d0e', 'Le cadre est incroyable !', 'Le repas était vraiment inoubliable. Grosse recommandation !', 4, NOW() - interval '293 days'), ('c0b01697-06c7-4feb-b0ac-e726c566b97c', '3a03cc54-3122-424b-8e68-45678385efd7', 'Très bon moment', 'Le cadre était vraiment délicieux. Grosse recommandation !', 5, NOW() - interval '271 days'), ('c0b01697-06c7-4feb-b0ac-e726c566b97c', 'ac91d6b8-6eea-4a7b-9416-77d646b47ba1', 'Parfait', 'L''accueil était vraiment magique. On s''est régalés.', 5, NOW() - interval '152 days'), ('c0b01697-06c7-4feb-b0ac-e726c566b97c', 'd27a006a-fb77-42a3-9f21-4e082775c483', 'Le repas est très bon !', 'L''accueil était vraiment incroyable. On s''est régalés.', 4, NOW() - interval '22 days'), ('c0b01697-06c7-4feb-b0ac-e726c566b97c', 'ee869183-1dfa-434c-9579-5a1a7b56fe8f', 'Une belle surprise', 'Le rapport qualité/prix était vraiment délicieux. Je recommande les yeux fermés.', 4, NOW() - interval '45 days'), ('9aa081ce-0419-4248-bf00-1969a0b52b3c', '6133b574-637b-4361-afca-cb1a1fdda751', 'Très bon moment', 'Le service était vraiment superbe. À refaire vite !', 4, NOW() - interval '190 days'), ('9aa081ce-0419-4248-bf00-1969a0b52b3c', '5ac2d9f6-4d6d-4443-ae54-0bff822102c9', 'Bof', 'Le prix était décevant. Passez votre chemin.', 3, NOW() - interval '111 days'), ('9aa081ce-0419-4248-bf00-1969a0b52b3c', '93cf7e5d-1df4-4b2a-807b-c280df79b42b', 'Le rapport qualité/prix est incroyable !', 'L''ambiance était vraiment fantastique. À refaire vite !', 4, NOW() - interval '182 days'), ('9aa081ce-0419-4248-bf00-1969a0b52b3c', 'ad638efc-0788-4179-9316-6965decac71f', 'Très bon moment', 'L''ambiance était vraiment magique. Bravo au chef !', 5, NOW() - interval '142 days'), ('9aa081ce-0419-4248-bf00-1969a0b52b3c', 'c07360d0-7aaa-4796-892c-99f2af58e5dc', 'Excellent', 'Le cadre était vraiment superbe. Bravo au chef !', 5, NOW() - interval '43 days'), ('9aa081ce-0419-4248-bf00-1969a0b52b3c', '9ce63a86-9a55-4658-af37-405fd3720b3f', 'Excellent', 'Le service était vraiment inoubliable. Bravo au chef !', 4, NOW() - interval '180 days'), ('9aa081ce-0419-4248-bf00-1969a0b52b3c', '0e6959fe-9d29-4d3f-bd16-f676ed23e1a9', 'Parfait', 'Le repas était vraiment superbe. À refaire vite !', 4, NOW() - interval '86 days'), ('9aa081ce-0419-4248-bf00-1969a0b52b3c', '539b8fa2-0b17-43a1-a6c1-12ec37eeb523', 'Moyen', 'Le service était fade. Passez votre chemin.', 2, NOW() - interval '102 days'), ('9aa081ce-0419-4248-bf00-1969a0b52b3c', '3fe63ab7-725a-445c-a1bf-d3631c13dba3', 'L''accueil est superbe !', 'Le rapport qualité/prix était vraiment incroyable. Je recommande les yeux fermés.', 4, NOW() - interval '208 days'), ('9aa081ce-0419-4248-bf00-1969a0b52b3c', '99bf7bb3-8db0-441e-9d08-d6787496c93c', 'Le repas est génial !', 'Le rapport qualité/prix était vraiment incroyable. À refaire vite !', 5, NOW() - interval '293 days'), ('c85efb63-6c7e-4465-a660-8e259927ad7e', '7c0faf31-20b9-4044-8901-c17fd0e8b1ac', 'Excellent', 'L''accueil était vraiment incroyable. À refaire vite !', 4, NOW() - interval '147 days'), ('c85efb63-6c7e-4465-a660-8e259927ad7e', '77dc0678-179f-4f4c-93fd-8e5dcc0258f8', 'Excellent', 'Le repas était vraiment inoubliable. Bravo au chef !', 5, NOW() - interval '15 days'), ('c85efb63-6c7e-4465-a660-8e259927ad7e', '1843209f-1f6e-4217-b4c2-e5672d02e645', 'Le repas est superbe !', 'L''accueil était vraiment parfait. Grosse recommandation !', 4, NOW() - interval '34 days'), ('c85efb63-6c7e-4465-a660-8e259927ad7e', '31fa2e1b-41a6-47f5-92d3-b7ef810e591a', 'Excellent', 'Le service était vraiment parfait. Je recommande les yeux fermés.', 4, NOW() - interval '238 days'), ('c85efb63-6c7e-4465-a660-8e259927ad7e', 'dd1f0a16-e09e-4400-8446-ca2f853fdd45', 'Assez bruyant...', 'Le serveur était décevant. Passez votre chemin.', 1, NOW() - interval '257 days'), ('c85efb63-6c7e-4465-a660-8e259927ad7e', '164104fa-c7b3-4e2c-86ca-e7513888f36b', 'Parfait', 'L''ambiance était vraiment génial. On s''est régalés.', 4, NOW() - interval '92 days'), ('c85efb63-6c7e-4465-a660-8e259927ad7e', '3a03cc54-3122-424b-8e68-45678385efd7', 'Parfait', 'Le service était vraiment parfait. À refaire vite !', 4, NOW() - interval '298 days'), ('c85efb63-6c7e-4465-a660-8e259927ad7e', '99bf7bb3-8db0-441e-9d08-d6787496c93c', 'Le repas est génial !', 'L''accueil était vraiment inoubliable. À refaire vite !', 4, NOW() - interval '237 days'), ('c85efb63-6c7e-4465-a660-8e259927ad7e', 'd27a006a-fb77-42a3-9f21-4e082775c483', 'Le cadre est superbe !', 'Le rapport qualité/prix était vraiment parfait. Je recommande les yeux fermés.', 4, NOW() - interval '218 days'), ('c85efb63-6c7e-4465-a660-8e259927ad7e', 'bd4124f5-7096-4604-8dd0-c1e75dda982c', 'Le repas est fantastique !', 'Le cadre était vraiment inoubliable. On s''est régalés.', 5, NOW() - interval '134 days'), ('c85efb63-6c7e-4465-a660-8e259927ad7e', 'ac341708-56b0-47ed-b6a3-10f26ed2a26b', 'L''accueil est génial !', 'L''accueil était vraiment délicieux. Grosse recommandation !', 4, NOW() - interval '28 days'), ('c85efb63-6c7e-4465-a660-8e259927ad7e', '227361e9-6657-47b6-9810-55836e4d47f8', 'Assez décevant...', 'Le plat était long. Bof.', 2, NOW() - interval '171 days'), ('c85efb63-6c7e-4465-a660-8e259927ad7e', '9ca9e6c9-aa10-451d-8207-3eab8c14c940', 'Le repas est parfait !', 'Le service était vraiment délicieux. Grosse recommandation !', 5, NOW() - interval '289 days'), ('c85efb63-6c7e-4465-a660-8e259927ad7e', '265775a9-449c-48ee-b159-0544daaec135', 'Excellent', 'Le repas était vraiment génial. À refaire vite !', 5, NOW() - interval '270 days'), ('c85efb63-6c7e-4465-a660-8e259927ad7e', '3db722ee-0ddd-438e-beb7-da76850c7154', 'Le rapport qualité/prix est inoubliable !', 'L''ambiance était vraiment parfait. À refaire vite !', 4, NOW() - interval '89 days'), ('a7929ffd-16b0-4863-b766-6f639b1e09aa', '60314da6-42eb-4559-a10e-69cbe2d36cf9', 'Le repas est inoubliable !', 'L''ambiance était vraiment inoubliable. Je recommande les yeux fermés.', 4, NOW() - interval '153 days'), ('a7929ffd-16b0-4863-b766-6f639b1e09aa', '227361e9-6657-47b6-9810-55836e4d47f8', 'Très bon moment', 'Le repas était vraiment superbe. Grosse recommandation !', 5, NOW() - interval '81 days'), ('a7929ffd-16b0-4863-b766-6f639b1e09aa', '585cc9c5-c450-43c7-9fed-549133e85b2e', 'Très bon moment', 'L''accueil était vraiment fantastique. À refaire vite !', 5, NOW() - interval '181 days'), ('a7929ffd-16b0-4863-b766-6f639b1e09aa', '164104fa-c7b3-4e2c-86ca-e7513888f36b', 'Très bon moment', 'Le service était vraiment inoubliable. Grosse recommandation !', 4, NOW() - interval '82 days'), ('a7929ffd-16b0-4863-b766-6f639b1e09aa', 'ac341708-56b0-47ed-b6a3-10f26ed2a26b', 'Le service est parfait !', 'Le service était vraiment superbe. Je recommande les yeux fermés.', 4, NOW() - interval '292 days'), ('a7929ffd-16b0-4863-b766-6f639b1e09aa', '5c5f98d4-892f-490c-8f62-9723b276e0df', 'Parfait', 'L''ambiance était vraiment délicieux. Bravo au chef !', 5, NOW() - interval '260 days'), ('a7929ffd-16b0-4863-b766-6f639b1e09aa', '94955c70-a8c6-4b48-bd6d-a0378bdf35f8', 'L''accueil est inoubliable !', 'Le service était vraiment très bon. Je recommande les yeux fermés.', 5, NOW() - interval '128 days'), ('a7929ffd-16b0-4863-b766-6f639b1e09aa', '77dc0678-179f-4f4c-93fd-8e5dcc0258f8', 'À éviter', 'Le prix était long. À éviter.', 2, NOW() - interval '17 days'), ('a7929ffd-16b0-4863-b766-6f639b1e09aa', '4342f1eb-e0ba-42b8-9dd6-b07e1cd1b5f0', 'Parfait', 'Le rapport qualité/prix était vraiment inoubliable. À refaire vite !', 5, NOW() - interval '32 days'), ('a7929ffd-16b0-4863-b766-6f639b1e09aa', '5ac2d9f6-4d6d-4443-ae54-0bff822102c9', 'L''accueil est très bon !', 'L''ambiance était vraiment magique. On s''est régalés.', 4, NOW() - interval '293 days'), ('a7929ffd-16b0-4863-b766-6f639b1e09aa', '9ca9e6c9-aa10-451d-8207-3eab8c14c940', 'L''ambiance est très bon !', 'L''accueil était vraiment fantastique. Grosse recommandation !', 4, NOW() - interval '188 days'), ('a7929ffd-16b0-4863-b766-6f639b1e09aa', '0e6959fe-9d29-4d3f-bd16-f676ed23e1a9', 'L''ambiance est magique !', 'Le repas était vraiment inoubliable. À refaire vite !', 5, NOW() - interval '284 days'), ('a7929ffd-16b0-4863-b766-6f639b1e09aa', '3fe63ab7-725a-445c-a1bf-d3631c13dba3', 'Très bon moment', 'Le repas était vraiment fantastique. Je recommande les yeux fermés.', 5, NOW() - interval '69 days'), ('a7929ffd-16b0-4863-b766-6f639b1e09aa', 'ac91d6b8-6eea-4a7b-9416-77d646b47ba1', 'Le service est délicieux !', 'L''ambiance était vraiment parfait. Grosse recommandation !', 4, NOW() - interval '134 days'), ('a7929ffd-16b0-4863-b766-6f639b1e09aa', '3519da42-49b8-460a-be62-77be301d59f2', 'Assez long...', 'Le service était trop cher. À éviter.', 1, NOW() - interval '72 days'), ('a7929ffd-16b0-4863-b766-6f639b1e09aa', 'a3422909-9e4e-49fd-98ae-b0f82f09190f', 'Assez fade...', 'L''accueil était fade. Bof.', 1, NOW() - interval '54 days'), ('a7929ffd-16b0-4863-b766-6f639b1e09aa', 'e093f64e-03fe-4b56-985d-ed8e592517f2', 'Parfait', 'Le repas était vraiment délicieux. À refaire vite !', 5, NOW() - interval '67 days'), ('a7929ffd-16b0-4863-b766-6f639b1e09aa', '290fb1bb-3edb-4083-9de2-6d3a49ecb5ee', 'Assez fade...', 'Le service était bruyant. Je n''y retournerai pas.', 1, NOW() - interval '127 days'), ('1d527657-b715-4773-a0e4-f51a91c5f1e6', 'e093f64e-03fe-4b56-985d-ed8e592517f2', 'L''accueil est délicieux !', 'Le service était vraiment génial. Bravo au chef !', 4, NOW() - interval '295 days'), ('1d527657-b715-4773-a0e4-f51a91c5f1e6', 'ad638efc-0788-4179-9316-6965decac71f', 'Assez trop cher...', 'Le serveur était décevant. Dommage.', 3, NOW() - interval '193 days'), ('1d527657-b715-4773-a0e4-f51a91c5f1e6', '77dc0678-179f-4f4c-93fd-8e5dcc0258f8', 'Le service est génial !', 'Le repas était vraiment superbe. Bravo au chef !', 5, NOW() - interval '129 days'), ('1d527657-b715-4773-a0e4-f51a91c5f1e6', 'bd4124f5-7096-4604-8dd0-c1e75dda982c', 'Parfait', 'Le cadre était vraiment délicieux. On s''est régalés.', 5, NOW() - interval '145 days'), ('1d527657-b715-4773-a0e4-f51a91c5f1e6', 'dd1f0a16-e09e-4400-8446-ca2f853fdd45', 'Excellent', 'Le rapport qualité/prix était vraiment inoubliable. À refaire vite !', 4, NOW() - interval '159 days'), ('1d527657-b715-4773-a0e4-f51a91c5f1e6', 'ee869183-1dfa-434c-9579-5a1a7b56fe8f', 'L''accueil est fantastique !', 'Le repas était vraiment magique. Bravo au chef !', 5, NOW() - interval '197 days'), ('1d527657-b715-4773-a0e4-f51a91c5f1e6', 'c07360d0-7aaa-4796-892c-99f2af58e5dc', 'Une belle surprise', 'Le repas était vraiment superbe. On s''est régalés.', 4, NOW() - interval '259 days'), ('1d527657-b715-4773-a0e4-f51a91c5f1e6', 'a3422909-9e4e-49fd-98ae-b0f82f09190f', 'Assez trop cher...', 'Le service était décevant. Bof.', 3, NOW() - interval '36 days'), ('1d527657-b715-4773-a0e4-f51a91c5f1e6', '3a03cc54-3122-424b-8e68-45678385efd7', 'À éviter', 'Le plat était moyen. Dommage.', 3, NOW() - interval '146 days'), ('1d527657-b715-4773-a0e4-f51a91c5f1e6', '265775a9-449c-48ee-b159-0544daaec135', 'Parfait', 'Le cadre était vraiment délicieux. À refaire vite !', 5, NOW() - interval '174 days'), ('1d527657-b715-4773-a0e4-f51a91c5f1e6', '1843209f-1f6e-4217-b4c2-e5672d02e645', 'Excellent', 'L''ambiance était vraiment magique. On s''est régalés.', 5, NOW() - interval '101 days'), ('1d527657-b715-4773-a0e4-f51a91c5f1e6', '4342f1eb-e0ba-42b8-9dd6-b07e1cd1b5f0', 'L''ambiance est superbe !', 'Le rapport qualité/prix était vraiment superbe. On s''est régalés.', 5, NOW() - interval '185 days'), ('1d527657-b715-4773-a0e4-f51a91c5f1e6', '31fa2e1b-41a6-47f5-92d3-b7ef810e591a', 'Le rapport qualité/prix est magique !', 'Le cadre était vraiment inoubliable. Une pépite.', 5, NOW() - interval '123 days'), ('1d527657-b715-4773-a0e4-f51a91c5f1e6', '585cc9c5-c450-43c7-9fed-549133e85b2e', 'Excellent', 'Le rapport qualité/prix était vraiment délicieux. Grosse recommandation !', 5, NOW() - interval '222 days'), ('1d527657-b715-4773-a0e4-f51a91c5f1e6', '3519da42-49b8-460a-be62-77be301d59f2', 'Le service est génial !', 'L''ambiance était vraiment inoubliable. Je recommande les yeux fermés.', 4, NOW() - interval '88 days'), ('1d527657-b715-4773-a0e4-f51a91c5f1e6', 'e8eb9ac6-8665-45e2-9753-c955d4b91286', 'Parfait', 'L''accueil était vraiment superbe. Une pépite.', 4, NOW() - interval '264 days'), ('1d527657-b715-4773-a0e4-f51a91c5f1e6', '227361e9-6657-47b6-9810-55836e4d47f8', 'Le rapport qualité/prix est magique !', 'Le cadre était vraiment parfait. On s''est régalés.', 5, NOW() - interval '64 days'), ('1d527657-b715-4773-a0e4-f51a91c5f1e6', '89636343-4cd4-4034-b534-6dc9820bb234', 'Assez moyen...', 'L''accueil était bruyant. Bof.', 3, NOW() - interval '92 days') ON CONFLICT DO NOTHING; 