-- ==========================================================
-- 1. RESET ET NETTOYAGE
-- ==========================================================
TRUNCATE public.messages, public.conversations, public.souvenirs, 
         public.reviews, public.trip_steps, public.trips, public.restaurants, public.favorite_restaurants, 
         public.favorite_contributors RESTART IDENTITY CASCADE;

DELETE FROM public.profiles WHERE id NOT IN ('3a03cc54-3122-424b-8e68-45678385efd7', '0e6959fe-9d29-4d3f-bd16-f676ed23e1a9');

-- ==========================================================
-- 2. GÉNÉRATION DES DONNÉES EN BATCH
-- ==========================================================

-- A. CRÉATION DES LOCAUX (70)
INSERT INTO public.profiles (id, username, full_name, bio, city, is_contributor, avatar_url) VALUES 
('53c0bab4-919f-4b6b-95bb-8523d01b066c', 'local_gabin_lefebvre_371', 'Gabin Lefebvre', 'Mes reviews sont toujours 100% honnêtes.', 'La Seyne-sur-Mer', true, 'https://randomuser.me/api/portraits/men/88.jpg'),
('bb773c55-dcd8-409c-9efb-fa20d5d29d88', 'local_laura_bonnet_836', 'Laura Bonnet', 'Un bon repas c''est la vie.', 'Toulon', true, 'https://randomuser.me/api/portraits/women/57.jpg'),
('1f9ca113-fa33-47bf-891c-455bd50bdeeb', 'local_milan_simon_339', 'Milan Simon', 'Toujours à la recherche des meilleures adresses !', 'Bandol', true, 'https://randomuser.me/api/portraits/men/36.jpg'),
('82c3294a-770d-4581-8552-17284e09c226', 'local_sarah_rousseau_419', 'Sarah Rousseau', 'Toujours à la recherche des meilleures adresses !', 'Le Pradet', true, 'https://randomuser.me/api/portraits/women/31.jpg'),
('771cd74e-bd6e-4bb8-9e06-3bac9a2fea75', 'local_arthur_faure_317', 'Arthur Faure', 'Passionné de bons petits plats du Sud.', 'Ollioules', true, 'https://randomuser.me/api/portraits/men/8.jpg'),
('52612eeb-7fdd-4fd1-a743-77c19a27e7c0', 'local_manon_vincent_778', 'Manon Vincent', 'Découvrir et partager !', 'Carqueiranne', true, 'https://randomuser.me/api/portraits/women/81.jpg'),
('e2f13625-9c40-4d47-ac7e-4631a22d84e3', 'local_victor_thomas_630', 'Victor Thomas', 'Un bon repas c''est la vie.', 'Le Pradet', true, 'https://randomuser.me/api/portraits/men/53.jpg'),
('e0e746f9-b4bb-405d-9642-dad0b7d35ab9', 'local_laura_simon_352', 'Laura Simon', 'Passionné de bons petits plats du Sud.', 'Ollioules', true, 'https://randomuser.me/api/portraits/women/47.jpg'),
('04843025-d96b-4bb3-b524-91add813f5ba', 'local_mathéo_leroy_847', 'Mathéo Leroy', 'Photographe culinaire à mes heures perdues.', 'Six-Fours-les-Plages', true, 'https://randomuser.me/api/portraits/men/39.jpg'),
('81768de7-047d-43bf-9001-a2e648de148e', 'local_sarah_thomas_508', 'Sarah Thomas', 'Ici pour trouver des restos sympa entre amis.', 'La Garde', true, 'https://randomuser.me/api/portraits/women/27.jpg'),
('a348dd1f-ad4f-4c2b-a61f-4dbc60735db7', 'local_valentin_simon_707', 'Valentin Simon', 'Grand amateur de gastronomie locale.', 'Ollioules', true, 'https://randomuser.me/api/portraits/men/28.jpg'),
('66254d17-0694-4635-881d-92645b9496ed', 'local_clara_lambert_274', 'Clara Lambert', 'Passionné de bons petits plats du Sud.', 'Toulon', true, 'https://randomuser.me/api/portraits/women/85.jpg'),
('329d9b2e-4400-438e-86b8-38c415d5998a', 'local_timéo_roux_166', 'Timéo Roux', 'Fin gourmet de la côte d''Azur, amoureux du terroir.', 'Six-Fours-les-Plages', true, 'https://randomuser.me/api/portraits/men/83.jpg'),
('a658daad-6673-4faa-b8bc-11e14df00566', 'local_mila_lefebvre_217', 'Mila Lefebvre', 'Passionné de bons petits plats du Sud.', 'La Garde', true, 'https://randomuser.me/api/portraits/women/28.jpg'),
('57f49f59-5be3-4d31-be7b-f639c179affb', 'local_jules_michel_877', 'Jules Michel', 'Toujours à la recherche des meilleures adresses !', 'Carqueiranne', true, 'https://randomuser.me/api/portraits/men/97.jpg'),
('c56bab28-150f-4c50-b1fa-70887dca4030', 'local_chloé_durand_337', 'Chloé Durand', 'Passionné de bons petits plats du Sud.', 'Le Pradet', true, 'https://randomuser.me/api/portraits/women/72.jpg'),
('d477db1c-2d8d-401e-b8e9-ccbf731df2e2', 'local_sacha_roux_309', 'Sacha Roux', 'Chasseur de pépites cachées à Toulon.', 'Sanary-sur-Mer', true, 'https://randomuser.me/api/portraits/men/44.jpg'),
('11fbeaf5-9823-4aee-9e76-8939a8bbee70', 'local_jade_morel_644', 'Jade Morel', 'Découvrir et partager !', 'Le Pradet', true, 'https://randomuser.me/api/portraits/women/39.jpg'),
('b1d5ab3c-8672-4fed-b2f1-18a9683d41b8', 'local_milan_garnier_124', 'Milan Garnier', 'Fin gourmet de la côte d''Azur, amoureux du terroir.', 'Toulon', true, 'https://randomuser.me/api/portraits/men/77.jpg'),
('fdf20a83-0328-4817-9d49-9b4763488971', 'local_mia_bernard_359', 'Mia Bernard', 'Passionné de bons petits plats du Sud.', 'La Garde', true, 'https://randomuser.me/api/portraits/women/55.jpg'),
('43b99cec-43cc-4b3d-8cb1-7413efb41478', 'local_antoine_lefevre_348', 'Antoine Lefevre', 'Globe-trotteur culinaire en Provence.', 'Hyères', true, 'https://randomuser.me/api/portraits/men/93.jpg'),
('6b5511ed-fb49-4916-b9ef-89745bdc0ddd', 'local_julia_moreau_663', 'Julia Moreau', 'Globe-trotteur culinaire en Provence.', 'La Seyne-sur-Mer', true, 'https://randomuser.me/api/portraits/women/41.jpg'),
('ab947353-f1c7-445b-a468-af400032d2c0', 'local_mathéo_roux_789', 'Mathéo Roux', 'J''adore partager mes découvertes avec la communauté.', 'Bandol', true, 'https://randomuser.me/api/portraits/men/49.jpg'),
('ee2d40c1-ce57-426a-95bd-25c42861d847', 'local_agathe_fournier_860', 'Agathe Fournier', 'Toujours à la recherche des meilleures adresses !', 'Toulon', true, 'https://randomuser.me/api/portraits/women/36.jpg'),
('2a9f938e-b07d-48c3-9a0c-f05ac398e437', 'local_bastien_michel_608', 'Bastien Michel', 'Ici pour trouver des restos sympa entre amis.', 'Carqueiranne', true, 'https://randomuser.me/api/portraits/men/25.jpg'),
('94fb7d2b-2bde-4866-bbff-635aaf8ed1d9', 'local_clara_lambert_489', 'Clara Lambert', 'Passionné de bons petits plats du Sud.', 'Ollioules', true, 'https://randomuser.me/api/portraits/women/85.jpg'),
('9093fcc6-ff7d-49ea-8b24-aba47a8ec8e8', 'local_raphaël_martin_452', 'Raphaël Martin', 'Passionné de bons petits plats du Sud.', 'Le Pradet', true, 'https://randomuser.me/api/portraits/men/18.jpg'),
('9c7ded70-66f7-4192-990f-0df401fdf106', 'local_léa_richard_437', 'Léa Richard', 'Passionné de bons petits plats du Sud.', 'Six-Fours-les-Plages', true, 'https://randomuser.me/api/portraits/women/64.jpg'),
('599336bf-d99e-4ce2-b0b1-b8833bac11c7', 'local_léo_bonnet_776', 'Léo Bonnet', 'Photographe culinaire à mes heures perdues.', 'Sanary-sur-Mer', true, 'https://randomuser.me/api/portraits/men/14.jpg'),
('9fd0778a-0882-4b06-868c-d52b7cb38274', 'local_léna_durand_109', 'Léna Durand', 'Découvrir et partager !', 'Six-Fours-les-Plages', true, 'https://randomuser.me/api/portraits/women/80.jpg'),
('ef710a58-fc44-4724-b3c7-0203232991df', 'local_raphaël_vincent_948', 'Raphaël Vincent', 'J''adore partager mes découvertes avec la communauté.', 'La Garde', true, 'https://randomuser.me/api/portraits/men/54.jpg'),
('5220ea21-07eb-487a-b81d-a88bc137c706', 'local_mia_durand_632', 'Mia Durand', 'Un bon repas c''est la vie.', 'Ollioules', true, 'https://randomuser.me/api/portraits/women/46.jpg'),
('dfffe63e-dab2-4fea-a994-05bab9c5f338', 'local_aaron_rousseau_815', 'Aaron Rousseau', 'Ici pour trouver des restos sympa entre amis.', 'Toulon', true, 'https://randomuser.me/api/portraits/men/95.jpg'),
('1dc96ea7-3c98-4bd3-af67-67cf92a51b9b', 'local_romane_rousseau_191', 'Romane Rousseau', 'Le bon vin et la bonne bouffe !', 'Bandol', true, 'https://randomuser.me/api/portraits/women/10.jpg'),
('efec6f62-494b-4dc0-bd8f-6e17db2de67b', 'local_mathéo_petit_873', 'Mathéo Petit', 'Mes reviews sont toujours 100% honnêtes.', 'Toulon', true, 'https://randomuser.me/api/portraits/men/22.jpg'),
('78e9e2eb-4a05-4002-bbf8-9f33f7ab5139', 'local_emma_fournier_990', 'Emma Fournier', 'En quête de l''ultime Pizza Napolitaine.', 'Sanary-sur-Mer', true, 'https://randomuser.me/api/portraits/women/12.jpg'),
('9b26a310-99bd-4a48-b8b2-8173634c348c', 'local_ethan_michel_257', 'Ethan Michel', 'Chasseur de pépites cachées à Toulon.', 'Carqueiranne', true, 'https://randomuser.me/api/portraits/men/65.jpg'),
('48536c3c-376b-42ce-84b1-f0b4f1e276fa', 'local_manon_girard_579', 'Manon Girard', 'Globe-trotteur culinaire en Provence.', 'Carqueiranne', true, 'https://randomuser.me/api/portraits/women/8.jpg'),
('ff674109-4d1d-427a-b9d2-68466acb1aba', 'local_raphaël_michel_744', 'Raphaël Michel', 'Fin gourmet de la côte d''Azur, amoureux du terroir.', 'La Seyne-sur-Mer', true, 'https://randomuser.me/api/portraits/men/71.jpg'),
('a06635df-536a-4fce-9a61-38ebd2feab65', 'local_julie_vincent_188', 'Julie Vincent', 'Passionné de bons petits plats du Sud.', 'La Garde', true, 'https://randomuser.me/api/portraits/women/74.jpg'),
('4a058127-de0e-4652-93a3-5d9a79834284', 'local_ethan_lefevre_640', 'Ethan Lefevre', 'Mes reviews sont toujours 100% honnêtes.', 'Hyères', true, 'https://randomuser.me/api/portraits/men/87.jpg'),
('2704729c-4016-44aa-aed1-bd9a920710c7', 'local_lina_morel_190', 'Lina Morel', 'J''adore partager mes découvertes avec la communauté.', 'Sanary-sur-Mer', true, 'https://randomuser.me/api/portraits/women/64.jpg'),
('cb4c30bd-5e09-4b4e-8ab3-8d8223991ac2', 'local_gabin_laurent_718', 'Gabin Laurent', 'Toujours à la recherche des meilleures adresses !', 'Carqueiranne', true, 'https://randomuser.me/api/portraits/men/72.jpg'),
('a754c914-2cc5-4bb6-ac28-179c57e281d3', 'local_léa_roux_96', 'Léa Roux', 'Découvrir et partager !', 'Bandol', true, 'https://randomuser.me/api/portraits/women/89.jpg'),
('532676f4-e227-4339-9721-094648d48816', 'local_tiago_lefevre_430', 'Tiago Lefevre', 'Fin gourmet de la côte d''Azur, amoureux du terroir.', 'La Garde', true, 'https://randomuser.me/api/portraits/men/19.jpg'),
('69241b62-275f-403c-acfd-4e502d320405', 'local_sarah_lefevre_90', 'Sarah Lefevre', 'Mes reviews sont toujours 100% honnêtes.', 'Toulon', true, 'https://randomuser.me/api/portraits/women/18.jpg'),
('bf010115-0add-4e45-bdfa-82b74317063a', 'local_gabin_simon_901', 'Gabin Simon', 'Toujours à la recherche des meilleures adresses !', 'Ollioules', true, 'https://randomuser.me/api/portraits/men/76.jpg'),
('9ec48c1c-6410-42e1-a042-dace1dfdc192', 'local_anna_rousseau_29', 'Anna Rousseau', 'Photographe culinaire à mes heures perdues.', 'La Seyne-sur-Mer', true, 'https://randomuser.me/api/portraits/women/4.jpg'),
('aad15cac-885b-45f6-af22-fc3ca8e192c3', 'local_nathan_fournier_830', 'Nathan Fournier', 'Globe-trotteur culinaire en Provence.', 'Sanary-sur-Mer', true, 'https://randomuser.me/api/portraits/men/38.jpg'),
('8cbfe7ed-c915-486c-b01c-e401c44c26e7', 'local_alice_girard_689', 'Alice Girard', 'Le bon vin et la bonne bouffe !', 'La Garde', true, 'https://randomuser.me/api/portraits/women/17.jpg'),
('d8fb1d9a-c2c4-4d35-8264-bfb55ffd1579', 'local_valentin_lefevre_192', 'Valentin Lefevre', 'En quête de l''ultime Pizza Napolitaine.', 'Hyères', true, 'https://randomuser.me/api/portraits/men/17.jpg'),
('0d23d775-4bd3-400b-bd20-6daa6d95aaef', 'local_nina_bertrand_623', 'Nina Bertrand', 'Mes reviews sont toujours 100% honnêtes.', 'La Seyne-sur-Mer', true, 'https://randomuser.me/api/portraits/women/84.jpg'),
('b30ea63d-c95b-4812-9b04-9b34d31040c7', 'local_louis_faure_130', 'Louis Faure', 'Chasseur de pépites cachées à Toulon.', 'Bandol', true, 'https://randomuser.me/api/portraits/men/68.jpg'),
('1c70f3c6-0547-4bbd-9efd-17e2f7401e1a', 'local_nina_dupont_532', 'Nina Dupont', 'Épicurien avant tout.', 'Le Pradet', true, 'https://randomuser.me/api/portraits/women/54.jpg'),
('e0a148ba-3a91-4874-83d8-0fa84d322b69', 'local_gabriel_fournier_191', 'Gabriel Fournier', 'Un bon repas c''est la vie.', 'Hyères', true, 'https://randomuser.me/api/portraits/men/59.jpg'),
('2041f191-aa57-47ab-aea6-032f15cfc5a0', 'local_rose_garnier_938', 'Rose Garnier', 'Toujours à la recherche des meilleures adresses !', 'Six-Fours-les-Plages', true, 'https://randomuser.me/api/portraits/women/92.jpg'),
('ab3715ba-2a9c-4a7e-a936-1883e29735b2', 'local_antoine_girard_175', 'Antoine Girard', 'Ici pour trouver des restos sympa entre amis.', 'Le Pradet', true, 'https://randomuser.me/api/portraits/men/69.jpg'),
('40828c67-6151-4a74-9790-33f90857e2a6', 'local_lou_muller_887', 'Lou Muller', 'En quête de l''ultime Pizza Napolitaine.', 'La Seyne-sur-Mer', true, 'https://randomuser.me/api/portraits/women/82.jpg'),
('4903f8cf-383d-42b2-926d-f3ec2e9c8c40', 'local_liam_girard_817', 'Liam Girard', 'En quête de l''ultime Pizza Napolitaine.', 'Sanary-sur-Mer', true, 'https://randomuser.me/api/portraits/men/27.jpg'),
('b41afb00-5d10-470c-96c8-f89e4221697c', 'local_anna_vincent_154', 'Anna Vincent', 'Chasseur de pépites cachées à Toulon.', 'Six-Fours-les-Plages', true, 'https://randomuser.me/api/portraits/women/13.jpg'),
('83270e83-404d-47ba-b5b3-1ca36918b307', 'local_bastien_bonnet_289', 'Bastien Bonnet', 'Globe-trotteur culinaire en Provence.', 'Toulon', true, 'https://randomuser.me/api/portraits/men/60.jpg'),
('1cd4ad3a-9ac0-4970-abed-1d5b5d07a72e', 'local_léna_lambert_763', 'Léna Lambert', 'Globe-trotteur culinaire en Provence.', 'Le Pradet', true, 'https://randomuser.me/api/portraits/women/7.jpg'),
('409c8f7e-dfa4-4c5d-9c40-df668ffb873b', 'local_gaspard_durand_600', 'Gaspard Durand', 'Le bon vin et la bonne bouffe !', 'Hyères', true, 'https://randomuser.me/api/portraits/men/57.jpg'),
('0a6c38a5-807a-4481-8b66-9ea2a175c8c3', 'local_léna_fournier_951', 'Léna Fournier', 'Photographe culinaire à mes heures perdues.', 'Bandol', true, 'https://randomuser.me/api/portraits/women/44.jpg'),
('4484e083-aa27-44c6-a590-8963767811ee', 'local_hugo_leroy_497', 'Hugo Leroy', 'Toujours à la recherche des meilleures adresses !', 'La Garde', true, 'https://randomuser.me/api/portraits/men/28.jpg'),
('b3f904b4-9d77-448d-a8e6-db86d951025f', 'local_inès_thomas_399', 'Inès Thomas', 'J''adore partager mes découvertes avec la communauté.', 'Ollioules', true, 'https://randomuser.me/api/portraits/women/26.jpg'),
('bd0e985b-fa5b-4db8-b5ea-02627f49417a', 'local_jules_bonnet_836', 'Jules Bonnet', 'Le bon vin et la bonne bouffe !', 'Carqueiranne', true, 'https://randomuser.me/api/portraits/men/87.jpg'),
('ec527c34-faa3-4191-a083-3d01aa31c442', 'local_romane_lambert_566', 'Romane Lambert', 'Épicurien avant tout.', 'Sanary-sur-Mer', true, 'https://randomuser.me/api/portraits/women/76.jpg'),
('fdf27e96-00d8-4789-80f8-e2b889159c20', 'local_victor_laurent_795', 'Victor Laurent', 'Mes reviews sont toujours 100% honnêtes.', 'La Seyne-sur-Mer', true, 'https://randomuser.me/api/portraits/men/63.jpg'),
('ea868686-4051-4507-a91f-e17d3d870e68', 'local_juliette_lefevre_744', 'Juliette Lefevre', 'Mes reviews sont toujours 100% honnêtes.', 'La Garde', true, 'https://randomuser.me/api/portraits/women/82.jpg');

-- B. CRÉATION DES RESTAURANTS (40)
INSERT INTO public.restaurants (id, name, address, city, lat, lng, budget_level, meal_types, food_types, dietary_prefs, services, atmospheres) VALUES 
('2c4dda3a-b9c6-4d9b-8f31-1186668a0941', 'Bistrot Carqueiranne', '64 rue David', 'La Seyne-sur-Mer', 43.133546, 5.931984, 1, ARRAY['Petit-déjeuner', 'Déjeuner', 'Dîner']::text[], ARRAY['Coréen', 'Américain']::text[], ARRAY[]::text[], ARRAY['Sur place', 'À emporter']::text[], ARRAY['Branchée', 'Conviviale']::text[]),
('4f446b09-4b33-416f-b462-531668eca837', 'La Dolce Vita Soleil', '115 rue Fournier', 'Toulon', 43.139881, 5.937539, 3, ARRAY['Petit-déjeuner', 'Déjeuner', 'Brunch']::text[], ARRAY['Italien']::text[], ARRAY['Végétarien', 'Vegan']::text[], ARRAY['Wifi gratuit', 'Parking', 'Terrasse', 'Réservation en ligne']::text[], ARRAY['Branchée', 'Festive', 'Décontractée']::text[]),
('8a5f12a8-ba07-4d4c-bfd1-6baf44fffffb', 'Cantine Rouge', '85 rue Michel', 'Hyères', 43.142651, 5.901093, 1, ARRAY['Brunch', 'Dîner', 'Déjeuner']::text[], ARRAY['Italien']::text[], ARRAY['Végétarien']::text[], ARRAY['Voiturier', 'À emporter', 'Réservation en ligne', 'Climatisation']::text[], ARRAY['Conviviale', 'Romantique', 'Lounge']::text[]),
('efc59059-34d9-4a55-9801-be3d0314e170', 'Les Saveurs de Marius', '19 rue Faure', 'Sanary-sur-Mer', 43.120077, 5.946117, 3, ARRAY['Dîner', 'Brunch']::text[], ARRAY['Méditerranéen', 'Argentin']::text[], ARRAY[]::text[], ARRAY['Accès PMR', 'Sur place', 'À emporter', 'Voiturier']::text[], ARRAY['Festive']::text[]),
('7e9e47a8-3b5a-4759-ae48-244b459e19c6', 'Le Boudoir Le Pradet', '111 rue Bonnet', 'Ollioules', 43.130218, 5.884968, 1, ARRAY['Petit-déjeuner']::text[], ARRAY['Japonais', 'Mexicain']::text[], ARRAY[]::text[], ARRAY['Accès PMR', 'Voiturier', 'Réservation en ligne']::text[], ARRAY['Cosy']::text[]),
('df51fa9d-7e17-4a61-80cb-812522b1374e', 'La Guinguette de Six-Fours-les-Plages', '40 rue Thomas', 'La Seyne-sur-Mer', 43.100973, 5.887523, 4, ARRAY['Petit-déjeuner', 'Déjeuner', 'Dîner']::text[], ARRAY['Thaï']::text[], ARRAY[]::text[], ARRAY['Sur place', 'À emporter', 'Livraison', 'Accès PMR']::text[], ARRAY['Chaleureuse', 'Conviviale', 'Familiale']::text[]),
('f31be4ba-6fb3-4422-8596-c60930b312d1', 'Le Comptoir Ollioules', '22 rue Thomas', 'La Garde', 43.087523, 5.971805, 2, ARRAY['Petit-déjeuner']::text[], ARRAY['Thaï']::text[], ARRAY['Sans gluten']::text[], ARRAY['Voiturier', 'Accès PMR', 'Parking']::text[], ARRAY['Décontractée', 'Cosy', 'Festive']::text[]),
('9f9499d2-3d83-4b10-9893-2d04f28845e9', 'Au fil de Jardin', '55 rue Moreau', 'Bandol', 43.126616, 5.897813, 2, ARRAY['Brunch', 'Dîner']::text[], ARRAY['Italien']::text[], ARRAY[]::text[], ARRAY['Livraison', 'Wifi gratuit', 'À emporter', 'Sur place']::text[], ARRAY['Branchée']::text[]),
('0f3ef4ef-1b80-4b81-9f7b-b2c5bc134122', 'Le Piment Jardin', '75 rue Lefebvre', 'Sanary-sur-Mer', 43.085806, 5.897872, 3, ARRAY['Dîner', 'Petit-déjeuner']::text[], ARRAY['Américain']::text[], ARRAY[]::text[], ARRAY['Sur place', 'À emporter', 'Livraison']::text[], ARRAY['Décontractée', 'Conviviale']::text[]),
('6568a704-1007-4ee3-9dc9-cf2c911ee8fd', 'L''Atelier de Sanary-sur-Mer', '16 rue Durand', 'Ollioules', 43.078636, 5.942265, 3, ARRAY['Brunch', 'Petit-déjeuner', 'Déjeuner']::text[], ARRAY['Mexicain', 'Américain']::text[], ARRAY[]::text[], ARRAY['Parking', 'Sur place']::text[], ARRAY['Branchée', 'Cosy', 'Chaleureuse']::text[]),
('5a2973cd-e39f-4803-a12f-056975815278', 'La Table de l''eau', '80 rue Michel', 'La Seyne-sur-Mer', 43.111074, 5.903039, 2, ARRAY['Déjeuner']::text[], ARRAY['Japonais']::text[], ARRAY['Végétarien']::text[], ARRAY['Climatisation', 'Wifi gratuit']::text[], ARRAY['Branchée']::text[]),
('e3c7da67-13ef-4f25-931c-ceda0923ca71', 'Cantine Ollioules', '60 rue Leroy', 'Hyères', 43.137722, 5.932251, 4, ARRAY['Dîner', 'Déjeuner', 'Petit-déjeuner']::text[], ARRAY['Indien', 'Libanais']::text[], ARRAY['Végétarien']::text[], ARRAY['Sur place', 'À emporter', 'Livraison', 'Wifi gratuit']::text[], ARRAY['Conviviale', 'Lounge']::text[]),
('d81ce030-48ba-4ebd-b23d-69cb532b09a3', 'Le Boudoir Bandol', '101 rue Moreau', 'La Seyne-sur-Mer', 43.143047, 5.926330, 1, ARRAY['Petit-déjeuner', 'Déjeuner']::text[], ARRAY['Mexicain']::text[], ARRAY[]::text[], ARRAY['Sur place', 'À emporter']::text[], ARRAY['Festive', 'Romantique']::text[]),
('ec2c9693-64e8-448a-966b-2dee1d7f4cc6', 'Le Comptoir l''eau', '49 rue Lambert', 'La Garde', 43.080718, 5.921876, 1, ARRAY['Déjeuner', 'Petit-déjeuner', 'Dîner']::text[], ARRAY['Mexicain']::text[], ARRAY['Sans gluten']::text[], ARRAY['Terrasse', 'Sur place', 'Réservation en ligne', 'À emporter']::text[], ARRAY['Cosy']::text[]),
('88367ea6-c60a-4458-98e8-15dbe5e5fd01', 'Le Boudoir Le Pradet', '16 rue Faure', 'Toulon', 43.134086, 5.914151, 2, ARRAY['Petit-déjeuner', 'Déjeuner']::text[], ARRAY['Italien']::text[], ARRAY[]::text[], ARRAY['Wifi gratuit', 'Terrasse', 'Climatisation', 'Voiturier']::text[], ARRAY['Cosy']::text[]),
('51a2eb75-172c-4763-ad24-073317b3726b', 'La Guinguette de Gourmand', '60 rue Lefevre', 'Carqueiranne', 43.103247, 5.958783, 4, ARRAY['Dîner']::text[], ARRAY['Chinois']::text[], ARRAY['Végétarien', 'Vegan']::text[], ARRAY['À emporter', 'Sur place']::text[], ARRAY['Familiale', 'Lounge', 'Conviviale']::text[]),
('55cb4e22-1bba-4083-b186-50134d718691', 'Les Saveurs de la Baie', '82 rue Fontaine', 'Sanary-sur-Mer', 43.142809, 5.942420, 3, ARRAY['Petit-déjeuner', 'Dîner']::text[], ARRAY['Chinois', 'Japonais']::text[], ARRAY[]::text[], ARRAY['Livraison', 'Sur place', 'À emporter']::text[], ARRAY['Branchée']::text[]),
('79905601-5d8e-42d1-aee1-3d970f24e37c', 'Le Piment l''eau', '134 rue Petit', 'Hyères', 43.079986, 5.920990, 1, ARRAY['Petit-déjeuner', 'Déjeuner', 'Brunch']::text[], ARRAY['Japonais']::text[], ARRAY['Sans gluten']::text[], ARRAY['À emporter', 'Terrasse']::text[], ARRAY['Branchée']::text[]),
('6cd07843-66a0-439c-9259-8303403e0514', 'Le Boudoir Gourmand', '89 rue Muller', 'Bandol', 43.099336, 5.900018, 4, ARRAY['Petit-déjeuner']::text[], ARRAY['Italien']::text[], ARRAY['Végétarien']::text[], ARRAY['Wifi gratuit', 'Climatisation', 'Réservation en ligne', 'À emporter']::text[], ARRAY['Branchée']::text[]),
('245e9920-9c84-4dbd-ae84-2d8046deff36', 'Cantine Soleil', '122 rue Robert', 'Le Pradet', 43.081932, 5.884475, 1, ARRAY['Brunch']::text[], ARRAY['Italien']::text[], ARRAY[]::text[], ARRAY['Voiturier', 'Wifi gratuit', 'Sur place', 'Réservation en ligne']::text[], ARRAY['Conviviale', 'Lounge']::text[]),
('2b761330-8c93-41fd-bd1e-21c2d1702cdc', 'Le Comptoir Terrasse', '128 rue Dubois', 'Hyères', 43.093251, 5.945557, 4, ARRAY['Brunch', 'Déjeuner']::text[], ARRAY['Chinois', 'Mexicain']::text[], ARRAY[]::text[], ARRAY['Wifi gratuit', 'Livraison', 'Voiturier']::text[], ARRAY['Romantique', 'Décontractée', 'Branchée']::text[]),
('a147747d-0c56-4300-83f3-b94447e1ca38', 'Le Comptoir Jardin', '97 rue Lefebvre', 'La Seyne-sur-Mer', 43.159349, 5.879363, 1, ARRAY['Brunch', 'Dîner', 'Petit-déjeuner']::text[], ARRAY['Méditerranéen']::text[], ARRAY[]::text[], ARRAY['Parking', 'Sur place', 'À emporter']::text[], ARRAY['Lounge', 'Branchée']::text[]),
('0ea65fa4-4314-4f23-a35a-7cb674553cbd', 'Les Saveurs de Bandol', '89 rue Dubois', 'Carqueiranne', 43.161359, 5.917936, 4, ARRAY['Brunch', 'Petit-déjeuner']::text[], ARRAY['Italien']::text[], ARRAY['Sans gluten']::text[], ARRAY['Livraison', 'Voiturier', 'Sur place']::text[], ARRAY['Branchée', 'Romantique', 'Conviviale']::text[]),
('85957bac-a99f-401b-8b6e-d4e52660a0f1', 'Cantine Bouchon', '23 rue Vincent', 'La Seyne-sur-Mer', 43.086535, 5.925120, 3, ARRAY['Petit-déjeuner']::text[], ARRAY['Italien']::text[], ARRAY['Sans gluten']::text[], ARRAY['Wifi gratuit', 'Voiturier', 'Accès PMR']::text[], ARRAY['Décontractée', 'Chic']::text[]),
('c6c45dc8-794f-45a4-acec-854fdef55943', 'Le Boudoir Sanary-sur-Mer', '99 rue Laurent', 'La Seyne-sur-Mer', 43.092530, 5.910908, 4, ARRAY['Dîner', 'Petit-déjeuner']::text[], ARRAY['Chinois']::text[], ARRAY['Végétarien']::text[], ARRAY['Sur place', 'Accès PMR']::text[], ARRAY['Familiale', 'Festive']::text[]),
('9574e2f6-badb-4c46-8a48-a906f260cc2a', 'Chez Sud', '23 rue Roux', 'Toulon', 43.143338, 5.929912, 4, ARRAY['Brunch', 'Dîner']::text[], ARRAY['Vietnamien', 'Méditerranéen']::text[], ARRAY['Végétarien', 'Sans gluten']::text[], ARRAY['Parking', 'Sur place']::text[], ARRAY['Lounge', 'Branchée']::text[]),
('433b0570-4c35-44cd-be2b-e3254523a4e4', 'Au fil de Morel', '84 rue Muller', 'La Garde', 43.171862, 5.886268, 1, ARRAY['Déjeuner', 'Petit-déjeuner']::text[], ARRAY['Libanais', 'Chinois']::text[], ARRAY[]::text[], ARRAY['Parking', 'Livraison', 'Accès PMR', 'Réservation en ligne']::text[], ARRAY['Branchée', 'Conviviale', 'Lounge']::text[]),
('6211be8c-b24f-4453-8042-c0234cd0d5f7', 'La Table de Bouchon', '85 rue Bonnet', 'Sanary-sur-Mer', 43.130723, 5.883021, 3, ARRAY['Petit-déjeuner', 'Brunch']::text[], ARRAY['Thaï', 'Mexicain']::text[], ARRAY['Végétarien']::text[], ARRAY['Terrasse', 'Livraison', 'Wifi gratuit', 'Réservation en ligne']::text[], ARRAY['Lounge', 'Festive', 'Branchée']::text[]),
('08a31a7c-f055-404e-b96e-ae637fc9cc24', 'La Guinguette de Durand', '7 rue Garnier', 'Sanary-sur-Mer', 43.165973, 5.963414, 2, ARRAY['Brunch', 'Dîner']::text[], ARRAY['Libanais', 'Italien']::text[], ARRAY['Végétarien']::text[], ARRAY['Terrasse', 'Voiturier', 'Réservation en ligne']::text[], ARRAY['Chic', 'Festive']::text[]),
('b39cecce-aaef-44cb-8cbe-03a53402b2e1', 'Bistrot Central', '83 rue Bertrand', 'Le Pradet', 43.131582, 5.901871, 4, ARRAY['Brunch']::text[], ARRAY['Mexicain', 'Argentin']::text[], ARRAY[]::text[], ARRAY['Accès PMR', 'Sur place', 'Voiturier']::text[], ARRAY['Branchée']::text[]),
('29e7c6d7-8111-41d3-981e-043155ded9f6', 'L''Épicurien de Rouge', '120 rue Moreau', 'Toulon', 43.113206, 5.948087, 2, ARRAY['Déjeuner']::text[], ARRAY['Italien', 'Mexicain']::text[], ARRAY['Végétarien', 'Sans gluten']::text[], ARRAY['Sur place', 'Accès PMR', 'Climatisation', 'À emporter']::text[], ARRAY['Cosy', 'Lounge']::text[]),
('2d0b5e96-6465-49fe-8545-f355b8c4b836', 'La Table de Gourmand', '37 rue Moreau', 'La Seyne-sur-Mer', 43.079045, 5.893229, 3, ARRAY['Déjeuner', 'Dîner', 'Brunch']::text[], ARRAY['Mexicain', 'Italien']::text[], ARRAY['Végétarien']::text[], ARRAY['Terrasse', 'Wifi gratuit', 'Climatisation', 'Livraison']::text[], ARRAY['Cosy', 'Festive']::text[]),
('68974b49-f7f1-4dd9-bf87-4db2d6de5768', 'La Dolce Vita Plage', '148 rue David', 'Ollioules', 43.141978, 5.974057, 4, ARRAY['Dîner', 'Brunch', 'Déjeuner']::text[], ARRAY['Thaï', 'Argentin']::text[], ARRAY[]::text[], ARRAY['Wifi gratuit', 'Accès PMR', 'Voiturier']::text[], ARRAY['Familiale', 'Romantique', 'Festive']::text[]),
('b5ce7b34-b625-49f1-a243-508fd83a6673', 'Au fil de Faure', '39 rue Muller', 'Sanary-sur-Mer', 43.162098, 5.919577, 1, ARRAY['Déjeuner', 'Dîner', 'Petit-déjeuner']::text[], ARRAY['Italien']::text[], ARRAY['Végétarien']::text[], ARRAY['À emporter', 'Sur place', 'Climatisation']::text[], ARRAY['Festive']::text[]),
('739038ad-56bb-432c-bf05-c80fadd3d5e7', 'Les Saveurs de Leroy', '105 rue Bertrand', 'La Seyne-sur-Mer', 43.127368, 5.897840, 1, ARRAY['Petit-déjeuner', 'Déjeuner']::text[], ARRAY['Coréen', 'Argentin']::text[], ARRAY['Végétarien', 'Sans gluten']::text[], ARRAY['Réservation en ligne', 'Wifi gratuit', 'Livraison', 'Accès PMR']::text[], ARRAY['Décontractée', 'Chic']::text[]),
('bb3fc3e3-03ad-4a34-b8bf-95f979a35816', 'Chez Sud', '32 rue Leroy', 'La Seyne-sur-Mer', 43.155552, 5.882607, 1, ARRAY['Brunch', 'Déjeuner']::text[], ARRAY['Italien']::text[], ARRAY[]::text[], ARRAY['Climatisation', 'Voiturier', 'Livraison']::text[], ARRAY['Chic']::text[]),
('70692d01-9801-409f-9ee7-712ee176b6ec', 'Bistrot Jardin', '51 rue Bonnet', 'Bandol', 43.147714, 5.962229, 2, ARRAY['Petit-déjeuner', 'Brunch', 'Déjeuner']::text[], ARRAY['Chinois']::text[], ARRAY['Vegan']::text[], ARRAY['Parking', 'Sur place']::text[], ARRAY['Cosy', 'Chic']::text[]),
('773612f8-843c-4134-97a9-9511f30de606', 'L''Épicurien de Terrasse', '50 rue Thomas', 'Le Pradet', 43.079075, 5.974269, 1, ARRAY['Petit-déjeuner']::text[], ARRAY['Thaï']::text[], ARRAY[]::text[], ARRAY['Sur place', 'À emporter']::text[], ARRAY['Chaleureuse']::text[]),
('0c91be4a-b106-4c4c-83c9-feb3c7acf52e', 'La Dolce Vita Petit', '144 rue Robert', 'Le Pradet', 43.132527, 5.938758, 2, ARRAY['Brunch', 'Petit-déjeuner', 'Dîner']::text[], ARRAY['Coréen']::text[], ARRAY['Vegan']::text[], ARRAY['Livraison', 'Accès PMR']::text[], ARRAY['Romantique']::text[]),
('3b0a9957-57f3-4056-8e91-36ca55ba928e', 'Les Saveurs de Lefebvre', '19 rue Moreau', 'Sanary-sur-Mer', 43.145473, 5.929035, 4, ARRAY['Dîner', 'Brunch', 'Déjeuner']::text[], ARRAY['Japonais', 'Libanais']::text[], ARRAY['Végétarien']::text[], ARRAY['Accès PMR', 'Sur place']::text[], ARRAY['Cosy', 'Chic', 'Festive']::text[]);

-- C. CRÉATION DES AVIS (environ 10 a 25 par restau)
INSERT INTO public.reviews (restaurant_id, contributor_id, title, description, rating, created_at) VALUES 
('2c4dda3a-b9c6-4d9b-8f31-1186668a0941', '0e6959fe-9d29-4d3f-bd16-f676ed23e1a9', 'Assez bruyant...', 'Le serveur était moyen. À éviter.', 3, NOW() - interval '118 days'),
('2c4dda3a-b9c6-4d9b-8f31-1186668a0941', '599336bf-d99e-4ce2-b0b1-b8833bac11c7', 'L''accueil est magique !', 'Le cadre était vraiment très bon. Je recommande les yeux fermés.', 5, NOW() - interval '201 days'),
('2c4dda3a-b9c6-4d9b-8f31-1186668a0941', '329d9b2e-4400-438e-86b8-38c415d5998a', 'Très bon moment', 'Le cadre était vraiment parfait. Grosse recommandation !', 5, NOW() - interval '264 days'),
('2c4dda3a-b9c6-4d9b-8f31-1186668a0941', 'e2f13625-9c40-4d47-ac7e-4631a22d84e3', 'Très bon moment', 'Le repas était vraiment très bon. On s''est régalés.', 4, NOW() - interval '3 days'),
('2c4dda3a-b9c6-4d9b-8f31-1186668a0941', '94fb7d2b-2bde-4866-bbff-635aaf8ed1d9', 'Le rapport qualité/prix est superbe !', 'Le service était vraiment inoubliable. À refaire vite !', 4, NOW() - interval '78 days'),
('2c4dda3a-b9c6-4d9b-8f31-1186668a0941', 'ee2d40c1-ce57-426a-95bd-25c42861d847', 'L''ambiance est inoubliable !', 'Le cadre était vraiment inoubliable. Bravo au chef !', 5, NOW() - interval '229 days'),
('2c4dda3a-b9c6-4d9b-8f31-1186668a0941', '1dc96ea7-3c98-4bd3-af67-67cf92a51b9b', 'Excellent', 'L''accueil était vraiment très bon. À refaire vite !', 4, NOW() - interval '265 days'),
('2c4dda3a-b9c6-4d9b-8f31-1186668a0941', 'ef710a58-fc44-4724-b3c7-0203232991df', 'Assez long...', 'Le service était décevant. Bof.', 1, NOW() - interval '44 days'),
('2c4dda3a-b9c6-4d9b-8f31-1186668a0941', '2a9f938e-b07d-48c3-9a0c-f05ac398e437', 'Parfait', 'Le rapport qualité/prix était vraiment incroyable. Grosse recommandation !', 4, NOW() - interval '54 days'),
('2c4dda3a-b9c6-4d9b-8f31-1186668a0941', '43b99cec-43cc-4b3d-8cb1-7413efb41478', 'L''accueil est incroyable !', 'Le repas était vraiment très bon. À refaire vite !', 4, NOW() - interval '218 days'),
('2c4dda3a-b9c6-4d9b-8f31-1186668a0941', 'a348dd1f-ad4f-4c2b-a61f-4dbc60735db7', 'Le repas est délicieux !', 'Le cadre était vraiment magique. Bravo au chef !', 5, NOW() - interval '81 days'),
('2c4dda3a-b9c6-4d9b-8f31-1186668a0941', '11fbeaf5-9823-4aee-9e76-8939a8bbee70', 'Excellent', 'L''accueil était vraiment délicieux. À refaire vite !', 4, NOW() - interval '263 days'),
('2c4dda3a-b9c6-4d9b-8f31-1186668a0941', 'fdf20a83-0328-4817-9d49-9b4763488971', 'Assez moyen...', 'Le serveur était décevant. Passez votre chemin.', 2, NOW() - interval '17 days'),
('2c4dda3a-b9c6-4d9b-8f31-1186668a0941', '78e9e2eb-4a05-4002-bbf8-9f33f7ab5139', 'Très bon moment', 'Le service était vraiment génial. Grosse recommandation !', 5, NOW() - interval '224 days'),
('2c4dda3a-b9c6-4d9b-8f31-1186668a0941', '81768de7-047d-43bf-9001-a2e648de148e', 'Le cadre est magique !', 'Le rapport qualité/prix était vraiment superbe. Je recommande les yeux fermés.', 5, NOW() - interval '121 days'),
('2c4dda3a-b9c6-4d9b-8f31-1186668a0941', '57f49f59-5be3-4d31-be7b-f639c179affb', 'L''ambiance est génial !', 'L''ambiance était vraiment incroyable. À refaire vite !', 4, NOW() - interval '51 days'),
('2c4dda3a-b9c6-4d9b-8f31-1186668a0941', '52612eeb-7fdd-4fd1-a743-77c19a27e7c0', 'Moyen', 'Le serveur était fade. À éviter.', 1, NOW() - interval '174 days'),
('2c4dda3a-b9c6-4d9b-8f31-1186668a0941', '6b5511ed-fb49-4916-b9ef-89745bdc0ddd', 'Une belle surprise', 'Le repas était vraiment très bon. On s''est régalés.', 4, NOW() - interval '260 days'),
('2c4dda3a-b9c6-4d9b-8f31-1186668a0941', 'e0e746f9-b4bb-405d-9642-dad0b7d35ab9', 'Excellent', 'Le repas était vraiment magique. Bravo au chef !', 5, NOW() - interval '10 days'),
('2c4dda3a-b9c6-4d9b-8f31-1186668a0941', '9fd0778a-0882-4b06-868c-d52b7cb38274', 'Parfait', 'L''ambiance était vraiment parfait. Je recommande les yeux fermés.', 4, NOW() - interval '79 days'),
('2c4dda3a-b9c6-4d9b-8f31-1186668a0941', '0a6c38a5-807a-4481-8b66-9ea2a175c8c3', 'Une belle surprise', 'Le cadre était vraiment très bon. À refaire vite !', 4, NOW() - interval '104 days'),
('2c4dda3a-b9c6-4d9b-8f31-1186668a0941', 'ab947353-f1c7-445b-a468-af400032d2c0', 'L''accueil est inoubliable !', 'Le repas était vraiment magique. Bravo au chef !', 4, NOW() - interval '73 days'),
('4f446b09-4b33-416f-b462-531668eca837', '1cd4ad3a-9ac0-4970-abed-1d5b5d07a72e', 'Décevant', 'Le prix était long. Passez votre chemin.', 3, NOW() - interval '107 days'),
('4f446b09-4b33-416f-b462-531668eca837', 'a06635df-536a-4fce-9a61-38ebd2feab65', 'Le service est fantastique !', 'L''ambiance était vraiment incroyable. Bravo au chef !', 5, NOW() - interval '125 days'),
('4f446b09-4b33-416f-b462-531668eca837', '04843025-d96b-4bb3-b524-91add813f5ba', 'Parfait', 'L''ambiance était vraiment incroyable. À refaire vite !', 4, NOW() - interval '249 days'),
('4f446b09-4b33-416f-b462-531668eca837', '2704729c-4016-44aa-aed1-bd9a920710c7', 'Le rapport qualité/prix est fantastique !', 'Le cadre était vraiment délicieux. Une pépite.', 5, NOW() - interval '34 days'),
('4f446b09-4b33-416f-b462-531668eca837', '82c3294a-770d-4581-8552-17284e09c226', 'Bof', 'Le service était trop cher. À éviter.', 1, NOW() - interval '112 days'),
('4f446b09-4b33-416f-b462-531668eca837', 'a754c914-2cc5-4bb6-ac28-179c57e281d3', 'Une belle surprise', 'Le repas était vraiment incroyable. Grosse recommandation !', 5, NOW() - interval '69 days'),
('4f446b09-4b33-416f-b462-531668eca837', 'd8fb1d9a-c2c4-4d35-8264-bfb55ffd1579', 'Une belle surprise', 'L''accueil était vraiment parfait. À refaire vite !', 4, NOW() - interval '269 days'),
('4f446b09-4b33-416f-b462-531668eca837', '43b99cec-43cc-4b3d-8cb1-7413efb41478', 'Le rapport qualité/prix est très bon !', 'Le service était vraiment superbe. Grosse recommandation !', 4, NOW() - interval '78 days'),
('4f446b09-4b33-416f-b462-531668eca837', '69241b62-275f-403c-acfd-4e502d320405', 'Le cadre est génial !', 'L''accueil était vraiment fantastique. Je recommande les yeux fermés.', 5, NOW() - interval '300 days'),
('4f446b09-4b33-416f-b462-531668eca837', 'b41afb00-5d10-470c-96c8-f89e4221697c', 'Une belle surprise', 'Le cadre était vraiment magique. Une pépite.', 5, NOW() - interval '201 days'),
('4f446b09-4b33-416f-b462-531668eca837', '83270e83-404d-47ba-b5b3-1ca36918b307', 'Une belle surprise', 'L''ambiance était vraiment parfait. Je recommande les yeux fermés.', 5, NOW() - interval '238 days'),
('4f446b09-4b33-416f-b462-531668eca837', 'a348dd1f-ad4f-4c2b-a61f-4dbc60735db7', 'Le cadre est superbe !', 'L''accueil était vraiment très bon. À refaire vite !', 5, NOW() - interval '71 days'),
('4f446b09-4b33-416f-b462-531668eca837', 'fdf27e96-00d8-4789-80f8-e2b889159c20', 'Une belle surprise', 'L''ambiance était vraiment génial. Je recommande les yeux fermés.', 4, NOW() - interval '261 days'),
('4f446b09-4b33-416f-b462-531668eca837', '4903f8cf-383d-42b2-926d-f3ec2e9c8c40', 'Une belle surprise', 'Le repas était vraiment fantastique. On s''est régalés.', 4, NOW() - interval '256 days'),
('4f446b09-4b33-416f-b462-531668eca837', 'ea868686-4051-4507-a91f-e17d3d870e68', 'Le repas est parfait !', 'Le rapport qualité/prix était vraiment inoubliable. Bravo au chef !', 5, NOW() - interval '261 days'),
('4f446b09-4b33-416f-b462-531668eca837', '2a9f938e-b07d-48c3-9a0c-f05ac398e437', 'Le service est superbe !', 'L''ambiance était vraiment génial. Je recommande les yeux fermés.', 5, NOW() - interval '157 days'),
('4f446b09-4b33-416f-b462-531668eca837', 'b1d5ab3c-8672-4fed-b2f1-18a9683d41b8', 'Le cadre est fantastique !', 'Le rapport qualité/prix était vraiment délicieux. On s''est régalés.', 5, NOW() - interval '31 days'),
('4f446b09-4b33-416f-b462-531668eca837', 'cb4c30bd-5e09-4b4e-8ab3-8d8223991ac2', 'Très bon moment', 'L''ambiance était vraiment fantastique. Bravo au chef !', 5, NOW() - interval '198 days'),
('4f446b09-4b33-416f-b462-531668eca837', '0a6c38a5-807a-4481-8b66-9ea2a175c8c3', 'Le service est magique !', 'Le cadre était vraiment incroyable. Une pépite.', 5, NOW() - interval '24 days'),
('8a5f12a8-ba07-4d4c-bfd1-6baf44fffffb', '771cd74e-bd6e-4bb8-9e06-3bac9a2fea75', 'Parfait', 'Le repas était vraiment parfait. Je recommande les yeux fermés.', 5, NOW() - interval '175 days'),
('8a5f12a8-ba07-4d4c-bfd1-6baf44fffffb', '57f49f59-5be3-4d31-be7b-f639c179affb', 'Parfait', 'Le rapport qualité/prix était vraiment incroyable. À refaire vite !', 5, NOW() - interval '71 days'),
('8a5f12a8-ba07-4d4c-bfd1-6baf44fffffb', 'ee2d40c1-ce57-426a-95bd-25c42861d847', 'Assez décevant...', 'Le plat était moyen. Bof.', 3, NOW() - interval '77 days'),
('8a5f12a8-ba07-4d4c-bfd1-6baf44fffffb', '6b5511ed-fb49-4916-b9ef-89745bdc0ddd', 'Très bon moment', 'Le repas était vraiment très bon. Grosse recommandation !', 5, NOW() - interval '63 days'),
('8a5f12a8-ba07-4d4c-bfd1-6baf44fffffb', '53c0bab4-919f-4b6b-95bb-8523d01b066c', 'Excellent', 'L''ambiance était vraiment magique. À refaire vite !', 4, NOW() - interval '70 days'),
('8a5f12a8-ba07-4d4c-bfd1-6baf44fffffb', 'c56bab28-150f-4c50-b1fa-70887dca4030', 'Le cadre est superbe !', 'Le repas était vraiment parfait. À refaire vite !', 4, NOW() - interval '203 days'),
('8a5f12a8-ba07-4d4c-bfd1-6baf44fffffb', 'dfffe63e-dab2-4fea-a994-05bab9c5f338', 'Parfait', 'L''accueil était vraiment parfait. Grosse recommandation !', 5, NOW() - interval '253 days'),
('8a5f12a8-ba07-4d4c-bfd1-6baf44fffffb', '5220ea21-07eb-487a-b81d-a88bc137c706', 'Le service est très bon !', 'L''accueil était vraiment superbe. Bravo au chef !', 5, NOW() - interval '63 days'),
('8a5f12a8-ba07-4d4c-bfd1-6baf44fffffb', '9c7ded70-66f7-4192-990f-0df401fdf106', 'Excellent', 'Le repas était vraiment magique. On s''est régalés.', 4, NOW() - interval '132 days'),
('8a5f12a8-ba07-4d4c-bfd1-6baf44fffffb', '1dc96ea7-3c98-4bd3-af67-67cf92a51b9b', 'L''ambiance est inoubliable !', 'Le repas était vraiment inoubliable. Je recommande les yeux fermés.', 4, NOW() - interval '248 days'),
('8a5f12a8-ba07-4d4c-bfd1-6baf44fffffb', 'a348dd1f-ad4f-4c2b-a61f-4dbc60735db7', 'Une belle surprise', 'Le rapport qualité/prix était vraiment superbe. Bravo au chef !', 4, NOW() - interval '114 days'),
('8a5f12a8-ba07-4d4c-bfd1-6baf44fffffb', '78e9e2eb-4a05-4002-bbf8-9f33f7ab5139', 'Le cadre est délicieux !', 'L''ambiance était vraiment incroyable. On s''est régalés.', 4, NOW() - interval '106 days'),
('8a5f12a8-ba07-4d4c-bfd1-6baf44fffffb', '329d9b2e-4400-438e-86b8-38c415d5998a', 'Une belle surprise', 'Le service était vraiment parfait. Bravo au chef !', 4, NOW() - interval '12 days'),
('efc59059-34d9-4a55-9801-be3d0314e170', 'a06635df-536a-4fce-9a61-38ebd2feab65', 'L''ambiance est inoubliable !', 'L''accueil était vraiment fantastique. Je recommande les yeux fermés.', 4, NOW() - interval '119 days'),
('efc59059-34d9-4a55-9801-be3d0314e170', 'b41afb00-5d10-470c-96c8-f89e4221697c', 'Le repas est très bon !', 'Le cadre était vraiment superbe. Grosse recommandation !', 5, NOW() - interval '189 days'),
('efc59059-34d9-4a55-9801-be3d0314e170', '409c8f7e-dfa4-4c5d-9c40-df668ffb873b', 'Excellent', 'Le service était vraiment fantastique. À refaire vite !', 4, NOW() - interval '193 days'),
('efc59059-34d9-4a55-9801-be3d0314e170', 'a348dd1f-ad4f-4c2b-a61f-4dbc60735db7', 'Le cadre est délicieux !', 'L''accueil était vraiment parfait. À refaire vite !', 4, NOW() - interval '24 days'),
('efc59059-34d9-4a55-9801-be3d0314e170', '11fbeaf5-9823-4aee-9e76-8939a8bbee70', 'Le repas est incroyable !', 'Le repas était vraiment parfait. Bravo au chef !', 4, NOW() - interval '277 days'),
('efc59059-34d9-4a55-9801-be3d0314e170', '9b26a310-99bd-4a48-b8b2-8173634c348c', 'Assez long...', 'Le plat était long. À éviter.', 1, NOW() - interval '196 days'),
('efc59059-34d9-4a55-9801-be3d0314e170', '1cd4ad3a-9ac0-4970-abed-1d5b5d07a72e', 'Le service est magique !', 'Le rapport qualité/prix était vraiment délicieux. Je recommande les yeux fermés.', 4, NOW() - interval '185 days'),
('efc59059-34d9-4a55-9801-be3d0314e170', '48536c3c-376b-42ce-84b1-f0b4f1e276fa', 'Une belle surprise', 'Le cadre était vraiment incroyable. On s''est régalés.', 5, NOW() - interval '170 days'),
('efc59059-34d9-4a55-9801-be3d0314e170', 'ea868686-4051-4507-a91f-e17d3d870e68', 'Le rapport qualité/prix est délicieux !', 'Le repas était vraiment incroyable. Grosse recommandation !', 4, NOW() - interval '99 days'),
('efc59059-34d9-4a55-9801-be3d0314e170', '4484e083-aa27-44c6-a590-8963767811ee', 'Le rapport qualité/prix est délicieux !', 'Le rapport qualité/prix était vraiment génial. Une pépite.', 5, NOW() - interval '77 days'),
('efc59059-34d9-4a55-9801-be3d0314e170', '66254d17-0694-4635-881d-92645b9496ed', 'Assez décevant...', 'L''accueil était trop cher. Bof.', 2, NOW() - interval '226 days'),
('efc59059-34d9-4a55-9801-be3d0314e170', '9c7ded70-66f7-4192-990f-0df401fdf106', 'Le service est superbe !', 'Le repas était vraiment génial. Je recommande les yeux fermés.', 4, NOW() - interval '43 days'),
('efc59059-34d9-4a55-9801-be3d0314e170', '4a058127-de0e-4652-93a3-5d9a79834284', 'Assez moyen...', 'L''accueil était long. Dommage.', 3, NOW() - interval '129 days'),
('7e9e47a8-3b5a-4759-ae48-244b459e19c6', 'b3f904b4-9d77-448d-a8e6-db86d951025f', 'Très bon moment', 'Le service était vraiment délicieux. On s''est régalés.', 5, NOW() - interval '260 days'),
('7e9e47a8-3b5a-4759-ae48-244b459e19c6', '532676f4-e227-4339-9721-094648d48816', 'Très bon moment', 'L''ambiance était vraiment incroyable. Grosse recommandation !', 5, NOW() - interval '13 days'),
('7e9e47a8-3b5a-4759-ae48-244b459e19c6', '43b99cec-43cc-4b3d-8cb1-7413efb41478', 'L''ambiance est génial !', 'Le rapport qualité/prix était vraiment fantastique. Grosse recommandation !', 5, NOW() - interval '285 days'),
('7e9e47a8-3b5a-4759-ae48-244b459e19c6', 'ff674109-4d1d-427a-b9d2-68466acb1aba', 'Une belle surprise', 'Le service était vraiment fantastique. Bravo au chef !', 5, NOW() - interval '41 days'),
('7e9e47a8-3b5a-4759-ae48-244b459e19c6', '4903f8cf-383d-42b2-926d-f3ec2e9c8c40', 'L''ambiance est parfait !', 'Le service était vraiment inoubliable. À refaire vite !', 5, NOW() - interval '119 days'),
('7e9e47a8-3b5a-4759-ae48-244b459e19c6', '9c7ded70-66f7-4192-990f-0df401fdf106', 'Très bon moment', 'Le repas était vraiment délicieux. On s''est régalés.', 4, NOW() - interval '189 days'),
('7e9e47a8-3b5a-4759-ae48-244b459e19c6', '82c3294a-770d-4581-8552-17284e09c226', 'Moyen', 'Le service était bruyant. Bof.', 3, NOW() - interval '271 days'),
('7e9e47a8-3b5a-4759-ae48-244b459e19c6', '1dc96ea7-3c98-4bd3-af67-67cf92a51b9b', 'À éviter', 'Le plat était fade. À éviter.', 3, NOW() - interval '137 days'),
('7e9e47a8-3b5a-4759-ae48-244b459e19c6', 'c56bab28-150f-4c50-b1fa-70887dca4030', 'Moyen', 'L''accueil était fade. À éviter.', 3, NOW() - interval '207 days'),
('7e9e47a8-3b5a-4759-ae48-244b459e19c6', '9ec48c1c-6410-42e1-a042-dace1dfdc192', 'Le service est fantastique !', 'Le rapport qualité/prix était vraiment magique. Grosse recommandation !', 5, NOW() - interval '252 days'),
('df51fa9d-7e17-4a61-80cb-812522b1374e', '2a9f938e-b07d-48c3-9a0c-f05ac398e437', 'L''ambiance est magique !', 'L''accueil était vraiment incroyable. Grosse recommandation !', 4, NOW() - interval '85 days'),
('df51fa9d-7e17-4a61-80cb-812522b1374e', '9b26a310-99bd-4a48-b8b2-8173634c348c', 'Excellent', 'Le service était vraiment inoubliable. On s''est régalés.', 4, NOW() - interval '189 days'),
('df51fa9d-7e17-4a61-80cb-812522b1374e', 'e0e746f9-b4bb-405d-9642-dad0b7d35ab9', 'Le rapport qualité/prix est délicieux !', 'Le cadre était vraiment incroyable. Une pépite.', 4, NOW() - interval '56 days'),
('df51fa9d-7e17-4a61-80cb-812522b1374e', '329d9b2e-4400-438e-86b8-38c415d5998a', 'Assez décevant...', 'Le plat était décevant. À éviter.', 3, NOW() - interval '262 days'),
('df51fa9d-7e17-4a61-80cb-812522b1374e', '81768de7-047d-43bf-9001-a2e648de148e', 'Assez long...', 'L''accueil était moyen. Bof.', 3, NOW() - interval '35 days'),
('df51fa9d-7e17-4a61-80cb-812522b1374e', '83270e83-404d-47ba-b5b3-1ca36918b307', 'Très bon moment', 'Le rapport qualité/prix était vraiment délicieux. Grosse recommandation !', 4, NOW() - interval '63 days'),
('df51fa9d-7e17-4a61-80cb-812522b1374e', 'fdf27e96-00d8-4789-80f8-e2b889159c20', 'L''accueil est inoubliable !', 'Le service était vraiment parfait. Bravo au chef !', 5, NOW() - interval '295 days'),
('df51fa9d-7e17-4a61-80cb-812522b1374e', 'bd0e985b-fa5b-4db8-b5ea-02627f49417a', 'Assez décevant...', 'Le plat était bruyant. Je n''y retournerai pas.', 3, NOW() - interval '266 days'),
('df51fa9d-7e17-4a61-80cb-812522b1374e', '48536c3c-376b-42ce-84b1-f0b4f1e276fa', 'Excellent', 'Le service était vraiment très bon. À refaire vite !', 4, NOW() - interval '97 days'),
('df51fa9d-7e17-4a61-80cb-812522b1374e', '40828c67-6151-4a74-9790-33f90857e2a6', 'Parfait', 'Le repas était vraiment magique. À refaire vite !', 5, NOW() - interval '40 days'),
('df51fa9d-7e17-4a61-80cb-812522b1374e', 'a348dd1f-ad4f-4c2b-a61f-4dbc60735db7', 'L''accueil est très bon !', 'L''ambiance était vraiment parfait. Grosse recommandation !', 4, NOW() - interval '152 days'),
('df51fa9d-7e17-4a61-80cb-812522b1374e', 'd8fb1d9a-c2c4-4d35-8264-bfb55ffd1579', 'Bof', 'Le serveur était décevant. Je n''y retournerai pas.', 2, NOW() - interval '270 days'),
('df51fa9d-7e17-4a61-80cb-812522b1374e', '4484e083-aa27-44c6-a590-8963767811ee', 'Le cadre est fantastique !', 'Le repas était vraiment fantastique. On s''est régalés.', 4, NOW() - interval '274 days'),
('df51fa9d-7e17-4a61-80cb-812522b1374e', 'bf010115-0add-4e45-bdfa-82b74317063a', 'L''ambiance est fantastique !', 'L''ambiance était vraiment fantastique. Bravo au chef !', 5, NOW() - interval '32 days'),
('df51fa9d-7e17-4a61-80cb-812522b1374e', '78e9e2eb-4a05-4002-bbf8-9f33f7ab5139', 'Le service est très bon !', 'L''ambiance était vraiment parfait. Grosse recommandation !', 5, NOW() - interval '247 days'),
('df51fa9d-7e17-4a61-80cb-812522b1374e', '1cd4ad3a-9ac0-4970-abed-1d5b5d07a72e', 'Excellent', 'Le cadre était vraiment parfait. Bravo au chef !', 5, NOW() - interval '115 days'),
('df51fa9d-7e17-4a61-80cb-812522b1374e', 'ff674109-4d1d-427a-b9d2-68466acb1aba', 'Décevant', 'Le serveur était fade. Dommage.', 2, NOW() - interval '130 days'),
('df51fa9d-7e17-4a61-80cb-812522b1374e', '532676f4-e227-4339-9721-094648d48816', 'L''accueil est magique !', 'Le repas était vraiment fantastique. Grosse recommandation !', 5, NOW() - interval '106 days'),
('df51fa9d-7e17-4a61-80cb-812522b1374e', '3a03cc54-3122-424b-8e68-45678385efd7', 'L''ambiance est fantastique !', 'Le repas était vraiment génial. Bravo au chef !', 4, NOW() - interval '149 days'),
('df51fa9d-7e17-4a61-80cb-812522b1374e', '69241b62-275f-403c-acfd-4e502d320405', 'Le service est superbe !', 'Le repas était vraiment délicieux. On s''est régalés.', 5, NOW() - interval '267 days'),
('df51fa9d-7e17-4a61-80cb-812522b1374e', '2041f191-aa57-47ab-aea6-032f15cfc5a0', 'Très bon moment', 'L''ambiance était vraiment incroyable. Une pépite.', 4, NOW() - interval '133 days'),
('df51fa9d-7e17-4a61-80cb-812522b1374e', 'ee2d40c1-ce57-426a-95bd-25c42861d847', 'Très bon moment', 'Le service était vraiment génial. Grosse recommandation !', 4, NOW() - interval '51 days'),
('f31be4ba-6fb3-4422-8596-c60930b312d1', '8cbfe7ed-c915-486c-b01c-e401c44c26e7', 'Le repas est fantastique !', 'Le rapport qualité/prix était vraiment très bon. Je recommande les yeux fermés.', 4, NOW() - interval '48 days'),
('f31be4ba-6fb3-4422-8596-c60930b312d1', 'b3f904b4-9d77-448d-a8e6-db86d951025f', 'Le rapport qualité/prix est magique !', 'L''ambiance était vraiment inoubliable. Grosse recommandation !', 4, NOW() - interval '78 days'),
('f31be4ba-6fb3-4422-8596-c60930b312d1', 'bf010115-0add-4e45-bdfa-82b74317063a', 'Excellent', 'Le cadre était vraiment magique. Une pépite.', 5, NOW() - interval '29 days'),
('f31be4ba-6fb3-4422-8596-c60930b312d1', '9093fcc6-ff7d-49ea-8b24-aba47a8ec8e8', 'Très bon moment', 'Le rapport qualité/prix était vraiment incroyable. Je recommande les yeux fermés.', 4, NOW() - interval '296 days'),
('f31be4ba-6fb3-4422-8596-c60930b312d1', '48536c3c-376b-42ce-84b1-f0b4f1e276fa', 'Très bon moment', 'Le cadre était vraiment très bon. On s''est régalés.', 5, NOW() - interval '134 days'),
('f31be4ba-6fb3-4422-8596-c60930b312d1', '9ec48c1c-6410-42e1-a042-dace1dfdc192', 'Une belle surprise', 'L''ambiance était vraiment très bon. Une pépite.', 5, NOW() - interval '165 days'),
('f31be4ba-6fb3-4422-8596-c60930b312d1', 'a06635df-536a-4fce-9a61-38ebd2feab65', 'Une belle surprise', 'Le repas était vraiment inoubliable. Une pépite.', 5, NOW() - interval '9 days'),
('f31be4ba-6fb3-4422-8596-c60930b312d1', '9b26a310-99bd-4a48-b8b2-8173634c348c', 'L''accueil est parfait !', 'Le service était vraiment délicieux. Une pépite.', 4, NOW() - interval '206 days'),
('f31be4ba-6fb3-4422-8596-c60930b312d1', 'b30ea63d-c95b-4812-9b04-9b34d31040c7', 'Une belle surprise', 'L''ambiance était vraiment magique. Grosse recommandation !', 5, NOW() - interval '111 days'),
('f31be4ba-6fb3-4422-8596-c60930b312d1', 'ab947353-f1c7-445b-a468-af400032d2c0', 'Le rapport qualité/prix est superbe !', 'Le cadre était vraiment délicieux. Bravo au chef !', 5, NOW() - interval '191 days'),
('f31be4ba-6fb3-4422-8596-c60930b312d1', 'd477db1c-2d8d-401e-b8e9-ccbf731df2e2', 'Parfait', 'Le cadre était vraiment très bon. Je recommande les yeux fermés.', 5, NOW() - interval '175 days'),
('9f9499d2-3d83-4b10-9893-2d04f28845e9', '40828c67-6151-4a74-9790-33f90857e2a6', 'Le rapport qualité/prix est magique !', 'L''ambiance était vraiment fantastique. À refaire vite !', 4, NOW() - interval '204 days'),
('9f9499d2-3d83-4b10-9893-2d04f28845e9', '771cd74e-bd6e-4bb8-9e06-3bac9a2fea75', 'Une belle surprise', 'L''accueil était vraiment parfait. Bravo au chef !', 4, NOW() - interval '242 days'),
('9f9499d2-3d83-4b10-9893-2d04f28845e9', 'a348dd1f-ad4f-4c2b-a61f-4dbc60735db7', 'Excellent', 'Le cadre était vraiment parfait. On s''est régalés.', 5, NOW() - interval '122 days'),
('9f9499d2-3d83-4b10-9893-2d04f28845e9', 'dfffe63e-dab2-4fea-a994-05bab9c5f338', 'Une belle surprise', 'L''ambiance était vraiment génial. Grosse recommandation !', 4, NOW() - interval '185 days'),
('9f9499d2-3d83-4b10-9893-2d04f28845e9', '1dc96ea7-3c98-4bd3-af67-67cf92a51b9b', 'L''accueil est incroyable !', 'Le repas était vraiment incroyable. Grosse recommandation !', 4, NOW() - interval '220 days'),
('9f9499d2-3d83-4b10-9893-2d04f28845e9', 'c56bab28-150f-4c50-b1fa-70887dca4030', 'Excellent', 'Le repas était vraiment incroyable. On s''est régalés.', 4, NOW() - interval '79 days'),
('9f9499d2-3d83-4b10-9893-2d04f28845e9', '9093fcc6-ff7d-49ea-8b24-aba47a8ec8e8', 'Parfait', 'Le service était vraiment parfait. Bravo au chef !', 4, NOW() - interval '246 days'),
('9f9499d2-3d83-4b10-9893-2d04f28845e9', '52612eeb-7fdd-4fd1-a743-77c19a27e7c0', 'Parfait', 'Le cadre était vraiment parfait. On s''est régalés.', 5, NOW() - interval '112 days'),
('9f9499d2-3d83-4b10-9893-2d04f28845e9', '94fb7d2b-2bde-4866-bbff-635aaf8ed1d9', 'Le rapport qualité/prix est parfait !', 'Le cadre était vraiment très bon. Bravo au chef !', 4, NOW() - interval '190 days'),
('9f9499d2-3d83-4b10-9893-2d04f28845e9', 'b1d5ab3c-8672-4fed-b2f1-18a9683d41b8', 'L''accueil est parfait !', 'Le service était vraiment très bon. Je recommande les yeux fermés.', 5, NOW() - interval '89 days'),
('9f9499d2-3d83-4b10-9893-2d04f28845e9', 'ee2d40c1-ce57-426a-95bd-25c42861d847', 'Une belle surprise', 'L''accueil était vraiment parfait. Bravo au chef !', 5, NOW() - interval '189 days'),
('9f9499d2-3d83-4b10-9893-2d04f28845e9', '329d9b2e-4400-438e-86b8-38c415d5998a', 'Assez décevant...', 'L''accueil était long. À éviter.', 3, NOW() - interval '54 days'),
('9f9499d2-3d83-4b10-9893-2d04f28845e9', 'ef710a58-fc44-4724-b3c7-0203232991df', 'Bof', 'Le prix était trop cher. À éviter.', 1, NOW() - interval '300 days'),
('9f9499d2-3d83-4b10-9893-2d04f28845e9', '82c3294a-770d-4581-8552-17284e09c226', 'Très bon moment', 'Le repas était vraiment parfait. À refaire vite !', 4, NOW() - interval '53 days'),
('9f9499d2-3d83-4b10-9893-2d04f28845e9', '81768de7-047d-43bf-9001-a2e648de148e', 'Une belle surprise', 'L''accueil était vraiment parfait. Je recommande les yeux fermés.', 5, NOW() - interval '247 days'),
('9f9499d2-3d83-4b10-9893-2d04f28845e9', '78e9e2eb-4a05-4002-bbf8-9f33f7ab5139', 'Bof', 'Le plat était long. Bof.', 2, NOW() - interval '211 days'),
('9f9499d2-3d83-4b10-9893-2d04f28845e9', '1f9ca113-fa33-47bf-891c-455bd50bdeeb', 'À éviter', 'Le prix était fade. À éviter.', 2, NOW() - interval '46 days'),
('9f9499d2-3d83-4b10-9893-2d04f28845e9', 'bb773c55-dcd8-409c-9efb-fa20d5d29d88', 'Parfait', 'Le cadre était vraiment très bon. Grosse recommandation !', 5, NOW() - interval '274 days'),
('9f9499d2-3d83-4b10-9893-2d04f28845e9', '9c7ded70-66f7-4192-990f-0df401fdf106', 'Le cadre est inoubliable !', 'Le cadre était vraiment incroyable. Une pépite.', 4, NOW() - interval '252 days'),
('9f9499d2-3d83-4b10-9893-2d04f28845e9', '6b5511ed-fb49-4916-b9ef-89745bdc0ddd', 'Le cadre est fantastique !', 'Le service était vraiment superbe. Bravo au chef !', 4, NOW() - interval '17 days'),
('9f9499d2-3d83-4b10-9893-2d04f28845e9', 'efec6f62-494b-4dc0-bd8f-6e17db2de67b', 'L''ambiance est délicieux !', 'Le rapport qualité/prix était vraiment fantastique. Une pépite.', 5, NOW() - interval '165 days'),
('9f9499d2-3d83-4b10-9893-2d04f28845e9', '11fbeaf5-9823-4aee-9e76-8939a8bbee70', 'Excellent', 'Le service était vraiment fantastique. Je recommande les yeux fermés.', 4, NOW() - interval '292 days'),
('9f9499d2-3d83-4b10-9893-2d04f28845e9', '53c0bab4-919f-4b6b-95bb-8523d01b066c', 'L''accueil est fantastique !', 'Le service était vraiment délicieux. Bravo au chef !', 5, NOW() - interval '140 days'),
('9f9499d2-3d83-4b10-9893-2d04f28845e9', 'e0e746f9-b4bb-405d-9642-dad0b7d35ab9', 'L''accueil est incroyable !', 'L''ambiance était vraiment incroyable. Grosse recommandation !', 4, NOW() - interval '19 days'),
('0f3ef4ef-1b80-4b81-9f7b-b2c5bc134122', '5220ea21-07eb-487a-b81d-a88bc137c706', 'Une belle surprise', 'L''accueil était vraiment inoubliable. Une pépite.', 4, NOW() - interval '52 days'),
('0f3ef4ef-1b80-4b81-9f7b-b2c5bc134122', '40828c67-6151-4a74-9790-33f90857e2a6', 'Assez long...', 'L''accueil était moyen. À éviter.', 3, NOW() - interval '249 days'),
('0f3ef4ef-1b80-4b81-9f7b-b2c5bc134122', '94fb7d2b-2bde-4866-bbff-635aaf8ed1d9', 'Le cadre est génial !', 'Le rapport qualité/prix était vraiment parfait. Une pépite.', 4, NOW() - interval '170 days'),
('0f3ef4ef-1b80-4b81-9f7b-b2c5bc134122', 'a06635df-536a-4fce-9a61-38ebd2feab65', 'Très bon moment', 'L''ambiance était vraiment magique. Bravo au chef !', 4, NOW() - interval '255 days'),
('0f3ef4ef-1b80-4b81-9f7b-b2c5bc134122', '8cbfe7ed-c915-486c-b01c-e401c44c26e7', 'Excellent', 'Le service était vraiment parfait. À refaire vite !', 5, NOW() - interval '223 days'),
('0f3ef4ef-1b80-4b81-9f7b-b2c5bc134122', 'e2f13625-9c40-4d47-ac7e-4631a22d84e3', 'Assez fade...', 'L''accueil était long. À éviter.', 1, NOW() - interval '272 days'),
('0f3ef4ef-1b80-4b81-9f7b-b2c5bc134122', 'dfffe63e-dab2-4fea-a994-05bab9c5f338', 'Très bon moment', 'Le cadre était vraiment fantastique. Bravo au chef !', 5, NOW() - interval '99 days'),
('0f3ef4ef-1b80-4b81-9f7b-b2c5bc134122', '1f9ca113-fa33-47bf-891c-455bd50bdeeb', 'Assez trop cher...', 'L''accueil était trop cher. À éviter.', 3, NOW() - interval '250 days'),
('0f3ef4ef-1b80-4b81-9f7b-b2c5bc134122', '409c8f7e-dfa4-4c5d-9c40-df668ffb873b', 'Excellent', 'Le service était vraiment très bon. Bravo au chef !', 4, NOW() - interval '244 days'),
('0f3ef4ef-1b80-4b81-9f7b-b2c5bc134122', '69241b62-275f-403c-acfd-4e502d320405', 'Le service est fantastique !', 'L''ambiance était vraiment incroyable. On s''est régalés.', 4, NOW() - interval '228 days'),
('6568a704-1007-4ee3-9dc9-cf2c911ee8fd', '599336bf-d99e-4ce2-b0b1-b8833bac11c7', 'Le repas est délicieux !', 'Le service était vraiment très bon. Une pépite.', 4, NOW() - interval '258 days'),
('6568a704-1007-4ee3-9dc9-cf2c911ee8fd', 'ff674109-4d1d-427a-b9d2-68466acb1aba', 'Une belle surprise', 'L''ambiance était vraiment fantastique. On s''est régalés.', 4, NOW() - interval '90 days'),
('6568a704-1007-4ee3-9dc9-cf2c911ee8fd', '0d23d775-4bd3-400b-bd20-6daa6d95aaef', 'L''ambiance est génial !', 'L''accueil était vraiment inoubliable. Je recommande les yeux fermés.', 4, NOW() - interval '122 days'),
('6568a704-1007-4ee3-9dc9-cf2c911ee8fd', 'e0e746f9-b4bb-405d-9642-dad0b7d35ab9', 'L''ambiance est magique !', 'Le repas était vraiment parfait. Une pépite.', 4, NOW() - interval '46 days'),
('6568a704-1007-4ee3-9dc9-cf2c911ee8fd', '40828c67-6151-4a74-9790-33f90857e2a6', 'L''accueil est très bon !', 'L''ambiance était vraiment inoubliable. Grosse recommandation !', 4, NOW() - interval '285 days'),
('6568a704-1007-4ee3-9dc9-cf2c911ee8fd', '2704729c-4016-44aa-aed1-bd9a920710c7', 'Excellent', 'L''ambiance était vraiment délicieux. Bravo au chef !', 4, NOW() - interval '135 days'),
('6568a704-1007-4ee3-9dc9-cf2c911ee8fd', '81768de7-047d-43bf-9001-a2e648de148e', 'Moyen', 'Le serveur était long. Passez votre chemin.', 1, NOW() - interval '69 days'),
('6568a704-1007-4ee3-9dc9-cf2c911ee8fd', 'c56bab28-150f-4c50-b1fa-70887dca4030', 'Décevant', 'Le prix était trop cher. Je n''y retournerai pas.', 3, NOW() - interval '273 days'),
('6568a704-1007-4ee3-9dc9-cf2c911ee8fd', '3a03cc54-3122-424b-8e68-45678385efd7', 'L''ambiance est génial !', 'Le cadre était vraiment incroyable. Grosse recommandation !', 4, NOW() - interval '209 days'),
('6568a704-1007-4ee3-9dc9-cf2c911ee8fd', 'bb773c55-dcd8-409c-9efb-fa20d5d29d88', 'Le cadre est superbe !', 'Le service était vraiment magique. Une pépite.', 4, NOW() - interval '77 days'),
('6568a704-1007-4ee3-9dc9-cf2c911ee8fd', 'd477db1c-2d8d-401e-b8e9-ccbf731df2e2', 'Le service est magique !', 'Le service était vraiment incroyable. Grosse recommandation !', 4, NOW() - interval '20 days'),
('5a2973cd-e39f-4803-a12f-056975815278', '6b5511ed-fb49-4916-b9ef-89745bdc0ddd', 'Bof', 'L''accueil était décevant. À éviter.', 3, NOW() - interval '27 days'),
('5a2973cd-e39f-4803-a12f-056975815278', '83270e83-404d-47ba-b5b3-1ca36918b307', 'À éviter', 'L''accueil était fade. À éviter.', 3, NOW() - interval '220 days'),
('5a2973cd-e39f-4803-a12f-056975815278', 'cb4c30bd-5e09-4b4e-8ab3-8d8223991ac2', 'Excellent', 'Le cadre était vraiment incroyable. Grosse recommandation !', 5, NOW() - interval '158 days'),
('5a2973cd-e39f-4803-a12f-056975815278', '4484e083-aa27-44c6-a590-8963767811ee', 'Moyen', 'L''accueil était trop cher. Bof.', 3, NOW() - interval '212 days'),
('5a2973cd-e39f-4803-a12f-056975815278', '771cd74e-bd6e-4bb8-9e06-3bac9a2fea75', 'Une belle surprise', 'L''ambiance était vraiment génial. Je recommande les yeux fermés.', 5, NOW() - interval '179 days'),
('5a2973cd-e39f-4803-a12f-056975815278', '66254d17-0694-4635-881d-92645b9496ed', 'Le service est incroyable !', 'Le cadre était vraiment magique. Une pépite.', 5, NOW() - interval '171 days'),
('5a2973cd-e39f-4803-a12f-056975815278', '78e9e2eb-4a05-4002-bbf8-9f33f7ab5139', 'Le rapport qualité/prix est incroyable !', 'Le service était vraiment inoubliable. Je recommande les yeux fermés.', 4, NOW() - interval '189 days'),
('5a2973cd-e39f-4803-a12f-056975815278', 'b1d5ab3c-8672-4fed-b2f1-18a9683d41b8', 'Le rapport qualité/prix est très bon !', 'L''ambiance était vraiment magique. Je recommande les yeux fermés.', 5, NOW() - interval '174 days'),
('5a2973cd-e39f-4803-a12f-056975815278', 'fdf27e96-00d8-4789-80f8-e2b889159c20', 'Assez trop cher...', 'Le service était bruyant. Bof.', 2, NOW() - interval '201 days'),
('5a2973cd-e39f-4803-a12f-056975815278', 'ee2d40c1-ce57-426a-95bd-25c42861d847', 'Une belle surprise', 'L''accueil était vraiment inoubliable. On s''est régalés.', 4, NOW() - interval '238 days'),
('5a2973cd-e39f-4803-a12f-056975815278', 'ea868686-4051-4507-a91f-e17d3d870e68', 'L''ambiance est très bon !', 'Le repas était vraiment superbe. On s''est régalés.', 4, NOW() - interval '91 days'),
('5a2973cd-e39f-4803-a12f-056975815278', '53c0bab4-919f-4b6b-95bb-8523d01b066c', 'Le rapport qualité/prix est délicieux !', 'Le rapport qualité/prix était vraiment très bon. Bravo au chef !', 5, NOW() - interval '128 days'),
('5a2973cd-e39f-4803-a12f-056975815278', 'ff674109-4d1d-427a-b9d2-68466acb1aba', 'Bof', 'L''accueil était long. Passez votre chemin.', 3, NOW() - interval '297 days'),
('5a2973cd-e39f-4803-a12f-056975815278', '2704729c-4016-44aa-aed1-bd9a920710c7', 'Excellent', 'Le rapport qualité/prix était vraiment très bon. On s''est régalés.', 5, NOW() - interval '230 days'),
('5a2973cd-e39f-4803-a12f-056975815278', 'ef710a58-fc44-4724-b3c7-0203232991df', 'L''ambiance est délicieux !', 'L''ambiance était vraiment inoubliable. Grosse recommandation !', 5, NOW() - interval '37 days'),
('5a2973cd-e39f-4803-a12f-056975815278', '82c3294a-770d-4581-8552-17284e09c226', 'Excellent', 'Le cadre était vraiment parfait. À refaire vite !', 5, NOW() - interval '77 days'),
('5a2973cd-e39f-4803-a12f-056975815278', '52612eeb-7fdd-4fd1-a743-77c19a27e7c0', 'Le repas est très bon !', 'Le cadre était vraiment délicieux. On s''est régalés.', 5, NOW() - interval '214 days'),
('5a2973cd-e39f-4803-a12f-056975815278', '0e6959fe-9d29-4d3f-bd16-f676ed23e1a9', 'Le cadre est parfait !', 'L''accueil était vraiment très bon. Grosse recommandation !', 4, NOW() - interval '59 days'),
('5a2973cd-e39f-4803-a12f-056975815278', '48536c3c-376b-42ce-84b1-f0b4f1e276fa', 'Le service est magique !', 'L''ambiance était vraiment magique. À refaire vite !', 5, NOW() - interval '243 days'),
('5a2973cd-e39f-4803-a12f-056975815278', 'e0a148ba-3a91-4874-83d8-0fa84d322b69', 'Excellent', 'Le service était vraiment incroyable. On s''est régalés.', 4, NOW() - interval '266 days'),
('e3c7da67-13ef-4f25-931c-ceda0923ca71', 'ef710a58-fc44-4724-b3c7-0203232991df', 'Assez moyen...', 'Le service était décevant. Je n''y retournerai pas.', 3, NOW() - interval '229 days'),
('e3c7da67-13ef-4f25-931c-ceda0923ca71', 'e0e746f9-b4bb-405d-9642-dad0b7d35ab9', 'Excellent', 'Le service était vraiment inoubliable. Une pépite.', 5, NOW() - interval '184 days'),
('e3c7da67-13ef-4f25-931c-ceda0923ca71', '9093fcc6-ff7d-49ea-8b24-aba47a8ec8e8', 'Très bon moment', 'Le service était vraiment magique. Une pépite.', 4, NOW() - interval '257 days'),
('e3c7da67-13ef-4f25-931c-ceda0923ca71', '1f9ca113-fa33-47bf-891c-455bd50bdeeb', 'Le repas est très bon !', 'Le cadre était vraiment incroyable. On s''est régalés.', 4, NOW() - interval '111 days'),
('e3c7da67-13ef-4f25-931c-ceda0923ca71', '599336bf-d99e-4ce2-b0b1-b8833bac11c7', 'Très bon moment', 'L''accueil était vraiment magique. Grosse recommandation !', 5, NOW() - interval '119 days'),
('e3c7da67-13ef-4f25-931c-ceda0923ca71', '9fd0778a-0882-4b06-868c-d52b7cb38274', 'Très bon moment', 'L''accueil était vraiment génial. À refaire vite !', 4, NOW() - interval '71 days'),
('e3c7da67-13ef-4f25-931c-ceda0923ca71', 'a348dd1f-ad4f-4c2b-a61f-4dbc60735db7', 'Excellent', 'Le repas était vraiment fantastique. Une pépite.', 4, NOW() - interval '252 days'),
('e3c7da67-13ef-4f25-931c-ceda0923ca71', 'b1d5ab3c-8672-4fed-b2f1-18a9683d41b8', 'L''ambiance est fantastique !', 'Le service était vraiment génial. Je recommande les yeux fermés.', 5, NOW() - interval '15 days'),
('e3c7da67-13ef-4f25-931c-ceda0923ca71', 'c56bab28-150f-4c50-b1fa-70887dca4030', 'Très bon moment', 'L''accueil était vraiment parfait. Grosse recommandation !', 4, NOW() - interval '269 days'),
('e3c7da67-13ef-4f25-931c-ceda0923ca71', 'ee2d40c1-ce57-426a-95bd-25c42861d847', 'Le rapport qualité/prix est fantastique !', 'Le rapport qualité/prix était vraiment fantastique. Grosse recommandation !', 4, NOW() - interval '12 days'),
('e3c7da67-13ef-4f25-931c-ceda0923ca71', 'bb773c55-dcd8-409c-9efb-fa20d5d29d88', 'L''accueil est très bon !', 'Le service était vraiment superbe. Je recommande les yeux fermés.', 5, NOW() - interval '271 days'),
('e3c7da67-13ef-4f25-931c-ceda0923ca71', 'a658daad-6673-4faa-b8bc-11e14df00566', 'Très bon moment', 'Le cadre était vraiment génial. Une pépite.', 4, NOW() - interval '55 days'),
('e3c7da67-13ef-4f25-931c-ceda0923ca71', '43b99cec-43cc-4b3d-8cb1-7413efb41478', 'Le service est génial !', 'Le repas était vraiment très bon. On s''est régalés.', 4, NOW() - interval '218 days'),
('e3c7da67-13ef-4f25-931c-ceda0923ca71', 'efec6f62-494b-4dc0-bd8f-6e17db2de67b', 'Parfait', 'L''accueil était vraiment délicieux. À refaire vite !', 4, NOW() - interval '77 days'),
('e3c7da67-13ef-4f25-931c-ceda0923ca71', '329d9b2e-4400-438e-86b8-38c415d5998a', 'Parfait', 'Le repas était vraiment très bon. À refaire vite !', 4, NOW() - interval '94 days'),
('d81ce030-48ba-4ebd-b23d-69cb532b09a3', 'd8fb1d9a-c2c4-4d35-8264-bfb55ffd1579', 'Assez fade...', 'Le serveur était fade. Pas terrible...', 2, NOW() - interval '222 days'),
('d81ce030-48ba-4ebd-b23d-69cb532b09a3', 'ab947353-f1c7-445b-a468-af400032d2c0', 'Très bon moment', 'Le repas était vraiment incroyable. Bravo au chef !', 5, NOW() - interval '299 days'),
('d81ce030-48ba-4ebd-b23d-69cb532b09a3', 'c56bab28-150f-4c50-b1fa-70887dca4030', 'Le service est incroyable !', 'L''accueil était vraiment inoubliable. À refaire vite !', 5, NOW() - interval '91 days'),
('d81ce030-48ba-4ebd-b23d-69cb532b09a3', 'fdf27e96-00d8-4789-80f8-e2b889159c20', 'Parfait', 'Le service était vraiment très bon. Bravo au chef !', 4, NOW() - interval '110 days'),
('d81ce030-48ba-4ebd-b23d-69cb532b09a3', '81768de7-047d-43bf-9001-a2e648de148e', 'Le service est inoubliable !', 'Le rapport qualité/prix était vraiment superbe. À refaire vite !', 4, NOW() - interval '125 days'),
('d81ce030-48ba-4ebd-b23d-69cb532b09a3', 'ee2d40c1-ce57-426a-95bd-25c42861d847', 'Moyen', 'Le service était bruyant. Pas terrible...', 2, NOW() - interval '143 days'),
('d81ce030-48ba-4ebd-b23d-69cb532b09a3', '9ec48c1c-6410-42e1-a042-dace1dfdc192', 'L''accueil est très bon !', 'Le repas était vraiment génial. Une pépite.', 5, NOW() - interval '282 days'),
('d81ce030-48ba-4ebd-b23d-69cb532b09a3', '57f49f59-5be3-4d31-be7b-f639c179affb', 'Excellent', 'Le repas était vraiment magique. Grosse recommandation !', 5, NOW() - interval '120 days'),
('d81ce030-48ba-4ebd-b23d-69cb532b09a3', '40828c67-6151-4a74-9790-33f90857e2a6', 'Une belle surprise', 'L''ambiance était vraiment parfait. On s''est régalés.', 5, NOW() - interval '219 days'),
('d81ce030-48ba-4ebd-b23d-69cb532b09a3', '43b99cec-43cc-4b3d-8cb1-7413efb41478', 'Assez bruyant...', 'L''accueil était bruyant. Dommage.', 1, NOW() - interval '287 days'),
('d81ce030-48ba-4ebd-b23d-69cb532b09a3', '69241b62-275f-403c-acfd-4e502d320405', 'Excellent', 'L''ambiance était vraiment très bon. À refaire vite !', 5, NOW() - interval '181 days'),
('d81ce030-48ba-4ebd-b23d-69cb532b09a3', '1c70f3c6-0547-4bbd-9efd-17e2f7401e1a', 'Très bon moment', 'Le rapport qualité/prix était vraiment délicieux. Bravo au chef !', 4, NOW() - interval '240 days'),
('d81ce030-48ba-4ebd-b23d-69cb532b09a3', '4a058127-de0e-4652-93a3-5d9a79834284', 'Une belle surprise', 'Le service était vraiment superbe. Une pépite.', 5, NOW() - interval '296 days'),
('d81ce030-48ba-4ebd-b23d-69cb532b09a3', '3a03cc54-3122-424b-8e68-45678385efd7', 'Moyen', 'Le prix était bruyant. Bof.', 1, NOW() - interval '233 days'),
('d81ce030-48ba-4ebd-b23d-69cb532b09a3', '4903f8cf-383d-42b2-926d-f3ec2e9c8c40', 'Le service est superbe !', 'L''ambiance était vraiment incroyable. Bravo au chef !', 5, NOW() - interval '135 days'),
('d81ce030-48ba-4ebd-b23d-69cb532b09a3', '8cbfe7ed-c915-486c-b01c-e401c44c26e7', 'L''ambiance est incroyable !', 'Le repas était vraiment parfait. À refaire vite !', 4, NOW() - interval '202 days'),
('d81ce030-48ba-4ebd-b23d-69cb532b09a3', '11fbeaf5-9823-4aee-9e76-8939a8bbee70', 'Le cadre est incroyable !', 'Le repas était vraiment génial. On s''est régalés.', 5, NOW() - interval '269 days'),
('d81ce030-48ba-4ebd-b23d-69cb532b09a3', 'efec6f62-494b-4dc0-bd8f-6e17db2de67b', 'Très bon moment', 'Le service était vraiment fantastique. On s''est régalés.', 5, NOW() - interval '221 days'),
('d81ce030-48ba-4ebd-b23d-69cb532b09a3', '0e6959fe-9d29-4d3f-bd16-f676ed23e1a9', 'Parfait', 'Le rapport qualité/prix était vraiment délicieux. À refaire vite !', 4, NOW() - interval '70 days'),
('ec2c9693-64e8-448a-966b-2dee1d7f4cc6', 'dfffe63e-dab2-4fea-a994-05bab9c5f338', 'Parfait', 'Le rapport qualité/prix était vraiment très bon. Bravo au chef !', 5, NOW() - interval '72 days'),
('ec2c9693-64e8-448a-966b-2dee1d7f4cc6', '9ec48c1c-6410-42e1-a042-dace1dfdc192', 'À éviter', 'Le prix était décevant. Dommage.', 3, NOW() - interval '165 days'),
('ec2c9693-64e8-448a-966b-2dee1d7f4cc6', '4a058127-de0e-4652-93a3-5d9a79834284', 'Le repas est très bon !', 'Le repas était vraiment génial. Bravo au chef !', 4, NOW() - interval '277 days'),
('ec2c9693-64e8-448a-966b-2dee1d7f4cc6', 'c56bab28-150f-4c50-b1fa-70887dca4030', 'Le cadre est inoubliable !', 'Le repas était vraiment très bon. On s''est régalés.', 5, NOW() - interval '1 days'),
('ec2c9693-64e8-448a-966b-2dee1d7f4cc6', 'a06635df-536a-4fce-9a61-38ebd2feab65', 'Excellent', 'L''accueil était vraiment incroyable. À refaire vite !', 5, NOW() - interval '262 days'),
('ec2c9693-64e8-448a-966b-2dee1d7f4cc6', 'ab3715ba-2a9c-4a7e-a936-1883e29735b2', 'Bof', 'Le serveur était trop cher. Je n''y retournerai pas.', 3, NOW() - interval '65 days'),
('ec2c9693-64e8-448a-966b-2dee1d7f4cc6', '04843025-d96b-4bb3-b524-91add813f5ba', 'Assez trop cher...', 'Le service était moyen. Dommage.', 1, NOW() - interval '116 days'),
('ec2c9693-64e8-448a-966b-2dee1d7f4cc6', 'ee2d40c1-ce57-426a-95bd-25c42861d847', 'Assez fade...', 'L''accueil était décevant. Passez votre chemin.', 3, NOW() - interval '191 days'),
('ec2c9693-64e8-448a-966b-2dee1d7f4cc6', '6b5511ed-fb49-4916-b9ef-89745bdc0ddd', 'Le cadre est inoubliable !', 'Le service était vraiment incroyable. Une pépite.', 4, NOW() - interval '50 days'),
('ec2c9693-64e8-448a-966b-2dee1d7f4cc6', '83270e83-404d-47ba-b5b3-1ca36918b307', 'Assez long...', 'Le service était fade. Bof.', 3, NOW() - interval '83 days'),
('ec2c9693-64e8-448a-966b-2dee1d7f4cc6', 'e2f13625-9c40-4d47-ac7e-4631a22d84e3', 'Le service est génial !', 'Le rapport qualité/prix était vraiment délicieux. Grosse recommandation !', 5, NOW() - interval '74 days'),
('ec2c9693-64e8-448a-966b-2dee1d7f4cc6', '1dc96ea7-3c98-4bd3-af67-67cf92a51b9b', 'Le cadre est magique !', 'L''ambiance était vraiment génial. Une pépite.', 4, NOW() - interval '28 days'),
('ec2c9693-64e8-448a-966b-2dee1d7f4cc6', '2041f191-aa57-47ab-aea6-032f15cfc5a0', 'Une belle surprise', 'Le rapport qualité/prix était vraiment parfait. Bravo au chef !', 5, NOW() - interval '260 days'),
('ec2c9693-64e8-448a-966b-2dee1d7f4cc6', '78e9e2eb-4a05-4002-bbf8-9f33f7ab5139', 'L''ambiance est fantastique !', 'Le service était vraiment inoubliable. On s''est régalés.', 5, NOW() - interval '222 days'),
('ec2c9693-64e8-448a-966b-2dee1d7f4cc6', '329d9b2e-4400-438e-86b8-38c415d5998a', 'Très bon moment', 'Le repas était vraiment délicieux. Je recommande les yeux fermés.', 5, NOW() - interval '282 days'),
('ec2c9693-64e8-448a-966b-2dee1d7f4cc6', '0a6c38a5-807a-4481-8b66-9ea2a175c8c3', 'Parfait', 'Le cadre était vraiment magique. Une pépite.', 5, NOW() - interval '137 days'),
('ec2c9693-64e8-448a-966b-2dee1d7f4cc6', 'b41afb00-5d10-470c-96c8-f89e4221697c', 'Assez fade...', 'Le service était long. Passez votre chemin.', 2, NOW() - interval '86 days'),
('ec2c9693-64e8-448a-966b-2dee1d7f4cc6', 'a348dd1f-ad4f-4c2b-a61f-4dbc60735db7', 'L''ambiance est parfait !', 'Le cadre était vraiment incroyable. Bravo au chef !', 4, NOW() - interval '0 days'),
('88367ea6-c60a-4458-98e8-15dbe5e5fd01', 'ef710a58-fc44-4724-b3c7-0203232991df', 'Excellent', 'Le service était vraiment génial. Je recommande les yeux fermés.', 4, NOW() - interval '13 days'),
('88367ea6-c60a-4458-98e8-15dbe5e5fd01', 'ff674109-4d1d-427a-b9d2-68466acb1aba', 'Le cadre est fantastique !', 'Le repas était vraiment magique. Grosse recommandation !', 4, NOW() - interval '34 days'),
('88367ea6-c60a-4458-98e8-15dbe5e5fd01', 'ab947353-f1c7-445b-a468-af400032d2c0', 'Très bon moment', 'L''accueil était vraiment incroyable. Bravo au chef !', 4, NOW() - interval '6 days'),
('88367ea6-c60a-4458-98e8-15dbe5e5fd01', '8cbfe7ed-c915-486c-b01c-e401c44c26e7', 'Le service est parfait !', 'Le repas était vraiment incroyable. Je recommande les yeux fermés.', 4, NOW() - interval '251 days'),
('88367ea6-c60a-4458-98e8-15dbe5e5fd01', '57f49f59-5be3-4d31-be7b-f639c179affb', 'Assez moyen...', 'Le prix était moyen. Pas terrible...', 3, NOW() - interval '183 days'),
('88367ea6-c60a-4458-98e8-15dbe5e5fd01', '94fb7d2b-2bde-4866-bbff-635aaf8ed1d9', 'Le repas est inoubliable !', 'Le service était vraiment parfait. Grosse recommandation !', 5, NOW() - interval '111 days'),
('88367ea6-c60a-4458-98e8-15dbe5e5fd01', 'cb4c30bd-5e09-4b4e-8ab3-8d8223991ac2', 'Le cadre est superbe !', 'Le rapport qualité/prix était vraiment inoubliable. Grosse recommandation !', 4, NOW() - interval '170 days'),
('88367ea6-c60a-4458-98e8-15dbe5e5fd01', 'ee2d40c1-ce57-426a-95bd-25c42861d847', 'Le cadre est magique !', 'Le cadre était vraiment magique. Je recommande les yeux fermés.', 4, NOW() - interval '197 days'),
('88367ea6-c60a-4458-98e8-15dbe5e5fd01', '81768de7-047d-43bf-9001-a2e648de148e', 'L''ambiance est incroyable !', 'L''accueil était vraiment fantastique. Grosse recommandation !', 5, NOW() - interval '105 days'),
('88367ea6-c60a-4458-98e8-15dbe5e5fd01', '0d23d775-4bd3-400b-bd20-6daa6d95aaef', 'Le repas est incroyable !', 'Le repas était vraiment délicieux. Une pépite.', 5, NOW() - interval '69 days'),
('88367ea6-c60a-4458-98e8-15dbe5e5fd01', '9ec48c1c-6410-42e1-a042-dace1dfdc192', 'Assez moyen...', 'Le prix était fade. À éviter.', 2, NOW() - interval '20 days'),
('88367ea6-c60a-4458-98e8-15dbe5e5fd01', '2a9f938e-b07d-48c3-9a0c-f05ac398e437', 'Le service est superbe !', 'Le cadre était vraiment inoubliable. Je recommande les yeux fermés.', 5, NOW() - interval '212 days'),
('88367ea6-c60a-4458-98e8-15dbe5e5fd01', '532676f4-e227-4339-9721-094648d48816', 'Très bon moment', 'Le service était vraiment parfait. Grosse recommandation !', 5, NOW() - interval '141 days'),
('88367ea6-c60a-4458-98e8-15dbe5e5fd01', 'd8fb1d9a-c2c4-4d35-8264-bfb55ffd1579', 'Le service est parfait !', 'Le rapport qualité/prix était vraiment parfait. Je recommande les yeux fermés.', 5, NOW() - interval '76 days'),
('88367ea6-c60a-4458-98e8-15dbe5e5fd01', 'efec6f62-494b-4dc0-bd8f-6e17db2de67b', 'Assez bruyant...', 'L''accueil était décevant. Bof.', 3, NOW() - interval '226 days'),
('51a2eb75-172c-4763-ad24-073317b3726b', 'bf010115-0add-4e45-bdfa-82b74317063a', 'À éviter', 'Le prix était moyen. Bof.', 3, NOW() - interval '7 days'),
('51a2eb75-172c-4763-ad24-073317b3726b', '94fb7d2b-2bde-4866-bbff-635aaf8ed1d9', 'Une belle surprise', 'L''accueil était vraiment fantastique. Une pépite.', 5, NOW() - interval '49 days'),
('51a2eb75-172c-4763-ad24-073317b3726b', '53c0bab4-919f-4b6b-95bb-8523d01b066c', 'Parfait', 'Le service était vraiment génial. Une pépite.', 5, NOW() - interval '36 days'),
('51a2eb75-172c-4763-ad24-073317b3726b', '81768de7-047d-43bf-9001-a2e648de148e', 'Le cadre est incroyable !', 'Le repas était vraiment incroyable. Une pépite.', 5, NOW() - interval '226 days'),
('51a2eb75-172c-4763-ad24-073317b3726b', '9fd0778a-0882-4b06-868c-d52b7cb38274', 'Une belle surprise', 'Le repas était vraiment inoubliable. Grosse recommandation !', 5, NOW() - interval '264 days'),
('51a2eb75-172c-4763-ad24-073317b3726b', 'b1d5ab3c-8672-4fed-b2f1-18a9683d41b8', 'Le repas est parfait !', 'Le cadre était vraiment superbe. Une pépite.', 5, NOW() - interval '30 days'),
('51a2eb75-172c-4763-ad24-073317b3726b', 'fdf20a83-0328-4817-9d49-9b4763488971', 'Une belle surprise', 'Le cadre était vraiment magique. À refaire vite !', 4, NOW() - interval '222 days'),
('51a2eb75-172c-4763-ad24-073317b3726b', 'e2f13625-9c40-4d47-ac7e-4631a22d84e3', 'Le cadre est superbe !', 'Le cadre était vraiment inoubliable. On s''est régalés.', 5, NOW() - interval '143 days'),
('51a2eb75-172c-4763-ad24-073317b3726b', '8cbfe7ed-c915-486c-b01c-e401c44c26e7', 'Très bon moment', 'Le service était vraiment inoubliable. Grosse recommandation !', 4, NOW() - interval '277 days'),
('51a2eb75-172c-4763-ad24-073317b3726b', '43b99cec-43cc-4b3d-8cb1-7413efb41478', 'Assez moyen...', 'Le plat était trop cher. Pas terrible...', 2, NOW() - interval '173 days'),
('55cb4e22-1bba-4083-b186-50134d718691', '2a9f938e-b07d-48c3-9a0c-f05ac398e437', 'L''ambiance est génial !', 'Le cadre était vraiment magique. À refaire vite !', 5, NOW() - interval '29 days'),
('55cb4e22-1bba-4083-b186-50134d718691', 'a754c914-2cc5-4bb6-ac28-179c57e281d3', 'Le repas est génial !', 'Le rapport qualité/prix était vraiment inoubliable. On s''est régalés.', 4, NOW() - interval '177 days'),
('55cb4e22-1bba-4083-b186-50134d718691', 'e0a148ba-3a91-4874-83d8-0fa84d322b69', 'Excellent', 'Le repas était vraiment très bon. Bravo au chef !', 5, NOW() - interval '152 days'),
('55cb4e22-1bba-4083-b186-50134d718691', '1f9ca113-fa33-47bf-891c-455bd50bdeeb', 'Décevant', 'Le prix était décevant. Pas terrible...', 2, NOW() - interval '229 days'),
('55cb4e22-1bba-4083-b186-50134d718691', '771cd74e-bd6e-4bb8-9e06-3bac9a2fea75', 'Excellent', 'L''accueil était vraiment superbe. Une pépite.', 4, NOW() - interval '164 days'),
('55cb4e22-1bba-4083-b186-50134d718691', '4903f8cf-383d-42b2-926d-f3ec2e9c8c40', 'Assez décevant...', 'Le prix était décevant. Je n''y retournerai pas.', 2, NOW() - interval '245 days'),
('55cb4e22-1bba-4083-b186-50134d718691', 'ee2d40c1-ce57-426a-95bd-25c42861d847', 'Assez fade...', 'Le prix était long. Dommage.', 2, NOW() - interval '187 days'),
('55cb4e22-1bba-4083-b186-50134d718691', 'ab3715ba-2a9c-4a7e-a936-1883e29735b2', 'Le rapport qualité/prix est incroyable !', 'L''ambiance était vraiment incroyable. Bravo au chef !', 4, NOW() - interval '256 days'),
('55cb4e22-1bba-4083-b186-50134d718691', '9b26a310-99bd-4a48-b8b2-8173634c348c', 'Le service est très bon !', 'Le repas était vraiment très bon. À refaire vite !', 4, NOW() - interval '241 days'),
('55cb4e22-1bba-4083-b186-50134d718691', '8cbfe7ed-c915-486c-b01c-e401c44c26e7', 'Le service est magique !', 'Le repas était vraiment incroyable. Grosse recommandation !', 5, NOW() - interval '286 days'),
('55cb4e22-1bba-4083-b186-50134d718691', '5220ea21-07eb-487a-b81d-a88bc137c706', 'Très bon moment', 'Le repas était vraiment délicieux. Une pépite.', 4, NOW() - interval '88 days'),
('55cb4e22-1bba-4083-b186-50134d718691', 'fdf20a83-0328-4817-9d49-9b4763488971', 'Parfait', 'Le service était vraiment fantastique. Je recommande les yeux fermés.', 4, NOW() - interval '186 days'),
('55cb4e22-1bba-4083-b186-50134d718691', 'c56bab28-150f-4c50-b1fa-70887dca4030', 'Le repas est magique !', 'L''ambiance était vraiment très bon. Bravo au chef !', 4, NOW() - interval '10 days'),
('55cb4e22-1bba-4083-b186-50134d718691', 'ef710a58-fc44-4724-b3c7-0203232991df', 'Très bon moment', 'Le cadre était vraiment fantastique. On s''est régalés.', 5, NOW() - interval '98 days'),
('55cb4e22-1bba-4083-b186-50134d718691', '409c8f7e-dfa4-4c5d-9c40-df668ffb873b', 'Le cadre est parfait !', 'Le service était vraiment délicieux. Je recommande les yeux fermés.', 4, NOW() - interval '261 days'),
('55cb4e22-1bba-4083-b186-50134d718691', '40828c67-6151-4a74-9790-33f90857e2a6', 'L''ambiance est très bon !', 'Le rapport qualité/prix était vraiment fantastique. Grosse recommandation !', 5, NOW() - interval '74 days'),
('55cb4e22-1bba-4083-b186-50134d718691', 'efec6f62-494b-4dc0-bd8f-6e17db2de67b', 'Très bon moment', 'L''ambiance était vraiment incroyable. Bravo au chef !', 4, NOW() - interval '149 days'),
('55cb4e22-1bba-4083-b186-50134d718691', '0a6c38a5-807a-4481-8b66-9ea2a175c8c3', 'Assez fade...', 'Le plat était trop cher. Dommage.', 2, NOW() - interval '109 days'),
('55cb4e22-1bba-4083-b186-50134d718691', '9ec48c1c-6410-42e1-a042-dace1dfdc192', 'Le cadre est magique !', 'L''accueil était vraiment inoubliable. Bravo au chef !', 5, NOW() - interval '187 days'),
('55cb4e22-1bba-4083-b186-50134d718691', '2704729c-4016-44aa-aed1-bd9a920710c7', 'Le repas est très bon !', 'Le repas était vraiment très bon. Grosse recommandation !', 4, NOW() - interval '20 days'),
('55cb4e22-1bba-4083-b186-50134d718691', 'a658daad-6673-4faa-b8bc-11e14df00566', 'Le rapport qualité/prix est inoubliable !', 'Le rapport qualité/prix était vraiment inoubliable. On s''est régalés.', 5, NOW() - interval '20 days'),
('55cb4e22-1bba-4083-b186-50134d718691', 'bb773c55-dcd8-409c-9efb-fa20d5d29d88', 'Très bon moment', 'Le cadre était vraiment fantastique. À refaire vite !', 4, NOW() - interval '123 days'),
('79905601-5d8e-42d1-aee1-3d970f24e37c', 'ff674109-4d1d-427a-b9d2-68466acb1aba', 'Très bon moment', 'L''accueil était vraiment génial. Grosse recommandation !', 5, NOW() - interval '233 days'),
('79905601-5d8e-42d1-aee1-3d970f24e37c', 'e0e746f9-b4bb-405d-9642-dad0b7d35ab9', 'Excellent', 'L''ambiance était vraiment superbe. Grosse recommandation !', 5, NOW() - interval '195 days'),
('79905601-5d8e-42d1-aee1-3d970f24e37c', '2a9f938e-b07d-48c3-9a0c-f05ac398e437', 'À éviter', 'Le service était fade. Je n''y retournerai pas.', 3, NOW() - interval '158 days'),
('79905601-5d8e-42d1-aee1-3d970f24e37c', '9b26a310-99bd-4a48-b8b2-8173634c348c', 'Moyen', 'Le serveur était long. Bof.', 3, NOW() - interval '31 days'),
('79905601-5d8e-42d1-aee1-3d970f24e37c', '329d9b2e-4400-438e-86b8-38c415d5998a', 'Parfait', 'Le rapport qualité/prix était vraiment génial. On s''est régalés.', 5, NOW() - interval '174 days'),
('79905601-5d8e-42d1-aee1-3d970f24e37c', 'a06635df-536a-4fce-9a61-38ebd2feab65', 'Parfait', 'Le repas était vraiment magique. Je recommande les yeux fermés.', 4, NOW() - interval '207 days'),
('79905601-5d8e-42d1-aee1-3d970f24e37c', '53c0bab4-919f-4b6b-95bb-8523d01b066c', 'Bof', 'L''accueil était bruyant. Passez votre chemin.', 1, NOW() - interval '59 days'),
('79905601-5d8e-42d1-aee1-3d970f24e37c', 'a658daad-6673-4faa-b8bc-11e14df00566', 'Très bon moment', 'Le cadre était vraiment fantastique. On s''est régalés.', 4, NOW() - interval '236 days'),
('79905601-5d8e-42d1-aee1-3d970f24e37c', 'efec6f62-494b-4dc0-bd8f-6e17db2de67b', 'Très bon moment', 'L''ambiance était vraiment génial. Grosse recommandation !', 5, NOW() - interval '226 days'),
('79905601-5d8e-42d1-aee1-3d970f24e37c', 'ec527c34-faa3-4191-a083-3d01aa31c442', 'Très bon moment', 'Le repas était vraiment parfait. Une pépite.', 4, NOW() - interval '173 days'),
('6cd07843-66a0-439c-9259-8303403e0514', 'c56bab28-150f-4c50-b1fa-70887dca4030', 'Le rapport qualité/prix est superbe !', 'Le rapport qualité/prix était vraiment génial. On s''est régalés.', 5, NOW() - interval '46 days'),
('6cd07843-66a0-439c-9259-8303403e0514', '8cbfe7ed-c915-486c-b01c-e401c44c26e7', 'L''ambiance est inoubliable !', 'Le rapport qualité/prix était vraiment magique. Bravo au chef !', 5, NOW() - interval '89 days'),
('6cd07843-66a0-439c-9259-8303403e0514', '53c0bab4-919f-4b6b-95bb-8523d01b066c', 'Le service est fantastique !', 'Le repas était vraiment parfait. À refaire vite !', 4, NOW() - interval '73 days'),
('6cd07843-66a0-439c-9259-8303403e0514', '1f9ca113-fa33-47bf-891c-455bd50bdeeb', 'Une belle surprise', 'L''ambiance était vraiment parfait. À refaire vite !', 4, NOW() - interval '115 days'),
('6cd07843-66a0-439c-9259-8303403e0514', 'e0e746f9-b4bb-405d-9642-dad0b7d35ab9', 'Le repas est délicieux !', 'L''ambiance était vraiment très bon. Une pépite.', 4, NOW() - interval '9 days'),
('6cd07843-66a0-439c-9259-8303403e0514', '82c3294a-770d-4581-8552-17284e09c226', 'Le cadre est fantastique !', 'L''ambiance était vraiment fantastique. À refaire vite !', 5, NOW() - interval '111 days'),
('6cd07843-66a0-439c-9259-8303403e0514', '9c7ded70-66f7-4192-990f-0df401fdf106', 'Excellent', 'Le rapport qualité/prix était vraiment délicieux. Grosse recommandation !', 5, NOW() - interval '252 days'),
('6cd07843-66a0-439c-9259-8303403e0514', '94fb7d2b-2bde-4866-bbff-635aaf8ed1d9', 'L''ambiance est inoubliable !', 'L''ambiance était vraiment délicieux. Grosse recommandation !', 5, NOW() - interval '239 days'),
('6cd07843-66a0-439c-9259-8303403e0514', '66254d17-0694-4635-881d-92645b9496ed', 'L''ambiance est superbe !', 'L''ambiance était vraiment incroyable. À refaire vite !', 5, NOW() - interval '172 days'),
('6cd07843-66a0-439c-9259-8303403e0514', '57f49f59-5be3-4d31-be7b-f639c179affb', 'Le repas est inoubliable !', 'L''ambiance était vraiment superbe. Une pépite.', 5, NOW() - interval '77 days'),
('6cd07843-66a0-439c-9259-8303403e0514', '599336bf-d99e-4ce2-b0b1-b8833bac11c7', 'Excellent', 'Le rapport qualité/prix était vraiment incroyable. À refaire vite !', 4, NOW() - interval '59 days'),
('6cd07843-66a0-439c-9259-8303403e0514', '81768de7-047d-43bf-9001-a2e648de148e', 'Assez trop cher...', 'Le prix était trop cher. Bof.', 3, NOW() - interval '237 days'),
('6cd07843-66a0-439c-9259-8303403e0514', '78e9e2eb-4a05-4002-bbf8-9f33f7ab5139', 'Assez moyen...', 'Le service était décevant. Pas terrible...', 3, NOW() - interval '7 days'),
('6cd07843-66a0-439c-9259-8303403e0514', '771cd74e-bd6e-4bb8-9e06-3bac9a2fea75', 'Assez trop cher...', 'Le service était fade. Dommage.', 1, NOW() - interval '63 days'),
('6cd07843-66a0-439c-9259-8303403e0514', '4a058127-de0e-4652-93a3-5d9a79834284', 'Assez moyen...', 'Le plat était fade. Dommage.', 1, NOW() - interval '120 days'),
('6cd07843-66a0-439c-9259-8303403e0514', '4903f8cf-383d-42b2-926d-f3ec2e9c8c40', 'Excellent', 'Le rapport qualité/prix était vraiment magique. Une pépite.', 5, NOW() - interval '97 days'),
('6cd07843-66a0-439c-9259-8303403e0514', 'fdf20a83-0328-4817-9d49-9b4763488971', 'Parfait', 'Le service était vraiment très bon. Bravo au chef !', 4, NOW() - interval '27 days'),
('6cd07843-66a0-439c-9259-8303403e0514', 'bb773c55-dcd8-409c-9efb-fa20d5d29d88', 'Une belle surprise', 'Le repas était vraiment délicieux. Une pépite.', 5, NOW() - interval '59 days'),
('6cd07843-66a0-439c-9259-8303403e0514', 'bf010115-0add-4e45-bdfa-82b74317063a', 'Une belle surprise', 'Le service était vraiment parfait. À refaire vite !', 5, NOW() - interval '4 days'),
('245e9920-9c84-4dbd-ae84-2d8046deff36', 'b3f904b4-9d77-448d-a8e6-db86d951025f', 'Décevant', 'Le prix était décevant. Pas terrible...', 2, NOW() - interval '60 days'),
('245e9920-9c84-4dbd-ae84-2d8046deff36', '9c7ded70-66f7-4192-990f-0df401fdf106', 'Décevant', 'L''accueil était moyen. Pas terrible...', 1, NOW() - interval '69 days'),
('245e9920-9c84-4dbd-ae84-2d8046deff36', 'ff674109-4d1d-427a-b9d2-68466acb1aba', 'Excellent', 'Le repas était vraiment magique. Une pépite.', 5, NOW() - interval '233 days'),
('245e9920-9c84-4dbd-ae84-2d8046deff36', '82c3294a-770d-4581-8552-17284e09c226', 'Très bon moment', 'L''ambiance était vraiment génial. Je recommande les yeux fermés.', 4, NOW() - interval '225 days'),
('245e9920-9c84-4dbd-ae84-2d8046deff36', '1cd4ad3a-9ac0-4970-abed-1d5b5d07a72e', 'Le rapport qualité/prix est génial !', 'Le repas était vraiment délicieux. Je recommande les yeux fermés.', 4, NOW() - interval '196 days'),
('245e9920-9c84-4dbd-ae84-2d8046deff36', '329d9b2e-4400-438e-86b8-38c415d5998a', 'Excellent', 'L''accueil était vraiment génial. On s''est régalés.', 5, NOW() - interval '95 days'),
('245e9920-9c84-4dbd-ae84-2d8046deff36', 'e2f13625-9c40-4d47-ac7e-4631a22d84e3', 'Excellent', 'Le service était vraiment parfait. À refaire vite !', 4, NOW() - interval '68 days'),
('245e9920-9c84-4dbd-ae84-2d8046deff36', '532676f4-e227-4339-9721-094648d48816', 'Le repas est magique !', 'Le repas était vraiment superbe. Je recommande les yeux fermés.', 5, NOW() - interval '61 days'),
('245e9920-9c84-4dbd-ae84-2d8046deff36', 'fdf27e96-00d8-4789-80f8-e2b889159c20', 'Très bon moment', 'Le service était vraiment très bon. Je recommande les yeux fermés.', 5, NOW() - interval '3 days'),
('245e9920-9c84-4dbd-ae84-2d8046deff36', '83270e83-404d-47ba-b5b3-1ca36918b307', 'Une belle surprise', 'L''ambiance était vraiment fantastique. On s''est régalés.', 5, NOW() - interval '59 days'),
('245e9920-9c84-4dbd-ae84-2d8046deff36', 'efec6f62-494b-4dc0-bd8f-6e17db2de67b', 'Une belle surprise', 'L''accueil était vraiment génial. À refaire vite !', 5, NOW() - interval '164 days'),
('245e9920-9c84-4dbd-ae84-2d8046deff36', 'a658daad-6673-4faa-b8bc-11e14df00566', 'Bof', 'Le prix était long. À éviter.', 2, NOW() - interval '240 days'),
('245e9920-9c84-4dbd-ae84-2d8046deff36', 'e0e746f9-b4bb-405d-9642-dad0b7d35ab9', 'L''accueil est superbe !', 'Le repas était vraiment très bon. À refaire vite !', 5, NOW() - interval '234 days'),
('245e9920-9c84-4dbd-ae84-2d8046deff36', 'dfffe63e-dab2-4fea-a994-05bab9c5f338', 'Bof', 'Le plat était moyen. À éviter.', 3, NOW() - interval '230 days'),
('245e9920-9c84-4dbd-ae84-2d8046deff36', '1f9ca113-fa33-47bf-891c-455bd50bdeeb', 'Parfait', 'Le rapport qualité/prix était vraiment très bon. On s''est régalés.', 4, NOW() - interval '136 days'),
('245e9920-9c84-4dbd-ae84-2d8046deff36', '4903f8cf-383d-42b2-926d-f3ec2e9c8c40', 'Le cadre est superbe !', 'L''ambiance était vraiment incroyable. Je recommande les yeux fermés.', 4, NOW() - interval '90 days'),
('2b761330-8c93-41fd-bd1e-21c2d1702cdc', 'e2f13625-9c40-4d47-ac7e-4631a22d84e3', 'Une belle surprise', 'Le repas était vraiment très bon. Une pépite.', 4, NOW() - interval '46 days'),
('2b761330-8c93-41fd-bd1e-21c2d1702cdc', '4903f8cf-383d-42b2-926d-f3ec2e9c8c40', 'Assez long...', 'L''accueil était décevant. Bof.', 1, NOW() - interval '124 days'),
('2b761330-8c93-41fd-bd1e-21c2d1702cdc', '329d9b2e-4400-438e-86b8-38c415d5998a', 'Moyen', 'Le serveur était moyen. À éviter.', 1, NOW() - interval '122 days'),
('2b761330-8c93-41fd-bd1e-21c2d1702cdc', '9093fcc6-ff7d-49ea-8b24-aba47a8ec8e8', 'Le rapport qualité/prix est superbe !', 'L''ambiance était vraiment très bon. Bravo au chef !', 4, NOW() - interval '288 days'),
('2b761330-8c93-41fd-bd1e-21c2d1702cdc', '81768de7-047d-43bf-9001-a2e648de148e', 'Assez long...', 'Le plat était bruyant. Passez votre chemin.', 1, NOW() - interval '151 days'),
('2b761330-8c93-41fd-bd1e-21c2d1702cdc', '82c3294a-770d-4581-8552-17284e09c226', 'L''accueil est très bon !', 'Le cadre était vraiment parfait. Je recommande les yeux fermés.', 5, NOW() - interval '259 days'),
('2b761330-8c93-41fd-bd1e-21c2d1702cdc', 'b30ea63d-c95b-4812-9b04-9b34d31040c7', 'Excellent', 'Le cadre était vraiment inoubliable. Une pépite.', 4, NOW() - interval '20 days'),
('2b761330-8c93-41fd-bd1e-21c2d1702cdc', 'ef710a58-fc44-4724-b3c7-0203232991df', 'L''ambiance est superbe !', 'L''ambiance était vraiment génial. Une pépite.', 5, NOW() - interval '159 days'),
('2b761330-8c93-41fd-bd1e-21c2d1702cdc', 'e0a148ba-3a91-4874-83d8-0fa84d322b69', 'Parfait', 'L''accueil était vraiment inoubliable. Grosse recommandation !', 4, NOW() - interval '168 days'),
('2b761330-8c93-41fd-bd1e-21c2d1702cdc', 'c56bab28-150f-4c50-b1fa-70887dca4030', 'Le repas est très bon !', 'Le service était vraiment incroyable. Bravo au chef !', 4, NOW() - interval '284 days'),
('2b761330-8c93-41fd-bd1e-21c2d1702cdc', '1cd4ad3a-9ac0-4970-abed-1d5b5d07a72e', 'Moyen', 'L''accueil était trop cher. Passez votre chemin.', 3, NOW() - interval '300 days'),
('2b761330-8c93-41fd-bd1e-21c2d1702cdc', 'ea868686-4051-4507-a91f-e17d3d870e68', 'Assez moyen...', 'Le plat était fade. Je n''y retournerai pas.', 2, NOW() - interval '42 days'),
('2b761330-8c93-41fd-bd1e-21c2d1702cdc', 'a348dd1f-ad4f-4c2b-a61f-4dbc60735db7', 'Le rapport qualité/prix est magique !', 'Le repas était vraiment incroyable. Grosse recommandation !', 5, NOW() - interval '288 days'),
('2b761330-8c93-41fd-bd1e-21c2d1702cdc', 'b3f904b4-9d77-448d-a8e6-db86d951025f', 'Excellent', 'L''accueil était vraiment incroyable. Je recommande les yeux fermés.', 5, NOW() - interval '226 days'),
('2b761330-8c93-41fd-bd1e-21c2d1702cdc', '1f9ca113-fa33-47bf-891c-455bd50bdeeb', 'Excellent', 'Le service était vraiment génial. Je recommande les yeux fermés.', 5, NOW() - interval '206 days'),
('2b761330-8c93-41fd-bd1e-21c2d1702cdc', '9b26a310-99bd-4a48-b8b2-8173634c348c', 'Le rapport qualité/prix est parfait !', 'Le service était vraiment fantastique. Grosse recommandation !', 5, NOW() - interval '222 days'),
('2b761330-8c93-41fd-bd1e-21c2d1702cdc', '40828c67-6151-4a74-9790-33f90857e2a6', 'Assez long...', 'Le plat était bruyant. À éviter.', 2, NOW() - interval '196 days'),
('2b761330-8c93-41fd-bd1e-21c2d1702cdc', 'ab947353-f1c7-445b-a468-af400032d2c0', 'Le repas est génial !', 'Le cadre était vraiment magique. Je recommande les yeux fermés.', 4, NOW() - interval '116 days'),
('2b761330-8c93-41fd-bd1e-21c2d1702cdc', '83270e83-404d-47ba-b5b3-1ca36918b307', 'Excellent', 'L''accueil était vraiment parfait. Bravo au chef !', 5, NOW() - interval '28 days'),
('a147747d-0c56-4300-83f3-b94447e1ca38', '9fd0778a-0882-4b06-868c-d52b7cb38274', 'Une belle surprise', 'Le rapport qualité/prix était vraiment délicieux. Bravo au chef !', 4, NOW() - interval '207 days'),
('a147747d-0c56-4300-83f3-b94447e1ca38', '9b26a310-99bd-4a48-b8b2-8173634c348c', 'Parfait', 'L''accueil était vraiment génial. Bravo au chef !', 5, NOW() - interval '188 days'),
('a147747d-0c56-4300-83f3-b94447e1ca38', 'ea868686-4051-4507-a91f-e17d3d870e68', 'Excellent', 'Le cadre était vraiment fantastique. Je recommande les yeux fermés.', 4, NOW() - interval '205 days'),
('a147747d-0c56-4300-83f3-b94447e1ca38', 'ef710a58-fc44-4724-b3c7-0203232991df', 'L''accueil est très bon !', 'Le rapport qualité/prix était vraiment parfait. On s''est régalés.', 5, NOW() - interval '90 days'),
('a147747d-0c56-4300-83f3-b94447e1ca38', '771cd74e-bd6e-4bb8-9e06-3bac9a2fea75', 'Assez décevant...', 'L''accueil était long. Bof.', 1, NOW() - interval '110 days'),
('a147747d-0c56-4300-83f3-b94447e1ca38', '04843025-d96b-4bb3-b524-91add813f5ba', 'Bof', 'L''accueil était moyen. À éviter.', 2, NOW() - interval '43 days'),
('a147747d-0c56-4300-83f3-b94447e1ca38', '2704729c-4016-44aa-aed1-bd9a920710c7', 'Décevant', 'Le serveur était long. Dommage.', 3, NOW() - interval '193 days'),
('a147747d-0c56-4300-83f3-b94447e1ca38', 'e0e746f9-b4bb-405d-9642-dad0b7d35ab9', 'Parfait', 'Le rapport qualité/prix était vraiment incroyable. On s''est régalés.', 4, NOW() - interval '115 days'),
('a147747d-0c56-4300-83f3-b94447e1ca38', 'b41afb00-5d10-470c-96c8-f89e4221697c', 'Bof', 'Le prix était moyen. Pas terrible...', 1, NOW() - interval '29 days'),
('a147747d-0c56-4300-83f3-b94447e1ca38', '532676f4-e227-4339-9721-094648d48816', 'Une belle surprise', 'L''ambiance était vraiment superbe. Je recommande les yeux fermés.', 4, NOW() - interval '109 days'),
('a147747d-0c56-4300-83f3-b94447e1ca38', 'c56bab28-150f-4c50-b1fa-70887dca4030', 'Le service est délicieux !', 'Le service était vraiment génial. On s''est régalés.', 5, NOW() - interval '294 days'),
('a147747d-0c56-4300-83f3-b94447e1ca38', 'ec527c34-faa3-4191-a083-3d01aa31c442', 'Excellent', 'Le cadre était vraiment incroyable. Grosse recommandation !', 5, NOW() - interval '58 days'),
('a147747d-0c56-4300-83f3-b94447e1ca38', 'ff674109-4d1d-427a-b9d2-68466acb1aba', 'Décevant', 'Le serveur était long. Passez votre chemin.', 1, NOW() - interval '24 days'),
('a147747d-0c56-4300-83f3-b94447e1ca38', '69241b62-275f-403c-acfd-4e502d320405', 'Très bon moment', 'Le service était vraiment délicieux. Une pépite.', 5, NOW() - interval '222 days'),
('a147747d-0c56-4300-83f3-b94447e1ca38', '9ec48c1c-6410-42e1-a042-dace1dfdc192', 'Excellent', 'L''accueil était vraiment très bon. Je recommande les yeux fermés.', 4, NOW() - interval '62 days'),
('a147747d-0c56-4300-83f3-b94447e1ca38', 'a754c914-2cc5-4bb6-ac28-179c57e281d3', 'L''accueil est génial !', 'L''ambiance était vraiment fantastique. Bravo au chef !', 5, NOW() - interval '76 days'),
('a147747d-0c56-4300-83f3-b94447e1ca38', 'dfffe63e-dab2-4fea-a994-05bab9c5f338', 'Le repas est superbe !', 'Le repas était vraiment délicieux. Une pépite.', 5, NOW() - interval '222 days'),
('a147747d-0c56-4300-83f3-b94447e1ca38', '5220ea21-07eb-487a-b81d-a88bc137c706', 'Décevant', 'Le serveur était fade. À éviter.', 2, NOW() - interval '292 days'),
('a147747d-0c56-4300-83f3-b94447e1ca38', '43b99cec-43cc-4b3d-8cb1-7413efb41478', 'Le cadre est fantastique !', 'Le service était vraiment superbe. Bravo au chef !', 5, NOW() - interval '74 days'),
('0ea65fa4-4314-4f23-a35a-7cb674553cbd', '82c3294a-770d-4581-8552-17284e09c226', 'L''ambiance est magique !', 'Le service était vraiment parfait. Je recommande les yeux fermés.', 5, NOW() - interval '82 days'),
('0ea65fa4-4314-4f23-a35a-7cb674553cbd', '771cd74e-bd6e-4bb8-9e06-3bac9a2fea75', 'Assez décevant...', 'Le serveur était décevant. Pas terrible...', 2, NOW() - interval '281 days'),
('0ea65fa4-4314-4f23-a35a-7cb674553cbd', '329d9b2e-4400-438e-86b8-38c415d5998a', 'Assez décevant...', 'Le service était moyen. Je n''y retournerai pas.', 3, NOW() - interval '92 days'),
('0ea65fa4-4314-4f23-a35a-7cb674553cbd', 'bd0e985b-fa5b-4db8-b5ea-02627f49417a', 'Le repas est magique !', 'L''ambiance était vraiment génial. À refaire vite !', 5, NOW() - interval '289 days'),
('0ea65fa4-4314-4f23-a35a-7cb674553cbd', '0e6959fe-9d29-4d3f-bd16-f676ed23e1a9', 'Très bon moment', 'Le repas était vraiment superbe. Une pépite.', 4, NOW() - interval '270 days'),
('0ea65fa4-4314-4f23-a35a-7cb674553cbd', '9093fcc6-ff7d-49ea-8b24-aba47a8ec8e8', 'Le cadre est fantastique !', 'L''ambiance était vraiment superbe. On s''est régalés.', 4, NOW() - interval '49 days'),
('0ea65fa4-4314-4f23-a35a-7cb674553cbd', '53c0bab4-919f-4b6b-95bb-8523d01b066c', 'Le service est très bon !', 'Le service était vraiment superbe. Je recommande les yeux fermés.', 4, NOW() - interval '30 days'),
('0ea65fa4-4314-4f23-a35a-7cb674553cbd', '57f49f59-5be3-4d31-be7b-f639c179affb', 'Assez long...', 'Le serveur était long. Je n''y retournerai pas.', 3, NOW() - interval '133 days'),
('0ea65fa4-4314-4f23-a35a-7cb674553cbd', 'dfffe63e-dab2-4fea-a994-05bab9c5f338', 'Excellent', 'Le cadre était vraiment inoubliable. À refaire vite !', 5, NOW() - interval '124 days'),
('0ea65fa4-4314-4f23-a35a-7cb674553cbd', 'ef710a58-fc44-4724-b3c7-0203232991df', 'Le repas est très bon !', 'L''accueil était vraiment magique. On s''est régalés.', 4, NOW() - interval '218 days'),
('0ea65fa4-4314-4f23-a35a-7cb674553cbd', '6b5511ed-fb49-4916-b9ef-89745bdc0ddd', 'Parfait', 'Le cadre était vraiment superbe. Bravo au chef !', 4, NOW() - interval '128 days'),
('0ea65fa4-4314-4f23-a35a-7cb674553cbd', '1cd4ad3a-9ac0-4970-abed-1d5b5d07a72e', 'Très bon moment', 'L''ambiance était vraiment très bon. Grosse recommandation !', 4, NOW() - interval '269 days'),
('0ea65fa4-4314-4f23-a35a-7cb674553cbd', '52612eeb-7fdd-4fd1-a743-77c19a27e7c0', 'Moyen', 'Le service était trop cher. Dommage.', 1, NOW() - interval '161 days'),
('0ea65fa4-4314-4f23-a35a-7cb674553cbd', 'ec527c34-faa3-4191-a083-3d01aa31c442', 'Le cadre est magique !', 'Le repas était vraiment incroyable. Bravo au chef !', 4, NOW() - interval '86 days'),
('0ea65fa4-4314-4f23-a35a-7cb674553cbd', 'd477db1c-2d8d-401e-b8e9-ccbf731df2e2', 'Une belle surprise', 'Le cadre était vraiment fantastique. On s''est régalés.', 4, NOW() - interval '232 days'),
('0ea65fa4-4314-4f23-a35a-7cb674553cbd', '532676f4-e227-4339-9721-094648d48816', 'Le service est superbe !', 'L''ambiance était vraiment délicieux. Je recommande les yeux fermés.', 4, NOW() - interval '221 days'),
('0ea65fa4-4314-4f23-a35a-7cb674553cbd', 'bf010115-0add-4e45-bdfa-82b74317063a', 'Décevant', 'Le prix était bruyant. Pas terrible...', 3, NOW() - interval '214 days'),
('0ea65fa4-4314-4f23-a35a-7cb674553cbd', '9fd0778a-0882-4b06-868c-d52b7cb38274', 'L''accueil est génial !', 'Le repas était vraiment incroyable. Une pépite.', 5, NOW() - interval '138 days'),
('0ea65fa4-4314-4f23-a35a-7cb674553cbd', '83270e83-404d-47ba-b5b3-1ca36918b307', 'Assez moyen...', 'Le prix était trop cher. Je n''y retournerai pas.', 3, NOW() - interval '274 days'),
('0ea65fa4-4314-4f23-a35a-7cb674553cbd', '9c7ded70-66f7-4192-990f-0df401fdf106', 'Bof', 'Le serveur était trop cher. Passez votre chemin.', 2, NOW() - interval '40 days'),
('0ea65fa4-4314-4f23-a35a-7cb674553cbd', 'ff674109-4d1d-427a-b9d2-68466acb1aba', 'Excellent', 'Le rapport qualité/prix était vraiment incroyable. On s''est régalés.', 4, NOW() - interval '88 days'),
('85957bac-a99f-401b-8b6e-d4e52660a0f1', 'ef710a58-fc44-4724-b3c7-0203232991df', 'Le rapport qualité/prix est magique !', 'Le rapport qualité/prix était vraiment génial. On s''est régalés.', 4, NOW() - interval '211 days'),
('85957bac-a99f-401b-8b6e-d4e52660a0f1', '82c3294a-770d-4581-8552-17284e09c226', 'Le cadre est fantastique !', 'Le repas était vraiment fantastique. Grosse recommandation !', 5, NOW() - interval '142 days'),
('85957bac-a99f-401b-8b6e-d4e52660a0f1', '69241b62-275f-403c-acfd-4e502d320405', 'Très bon moment', 'Le repas était vraiment incroyable. Bravo au chef !', 5, NOW() - interval '80 days'),
('85957bac-a99f-401b-8b6e-d4e52660a0f1', 'bb773c55-dcd8-409c-9efb-fa20d5d29d88', 'Très bon moment', 'Le service était vraiment parfait. Grosse recommandation !', 4, NOW() - interval '289 days'),
('85957bac-a99f-401b-8b6e-d4e52660a0f1', '9b26a310-99bd-4a48-b8b2-8173634c348c', 'Le service est parfait !', 'L''accueil était vraiment superbe. Une pépite.', 5, NOW() - interval '281 days'),
('85957bac-a99f-401b-8b6e-d4e52660a0f1', '2704729c-4016-44aa-aed1-bd9a920710c7', 'Moyen', 'Le serveur était décevant. Passez votre chemin.', 3, NOW() - interval '279 days'),
('85957bac-a99f-401b-8b6e-d4e52660a0f1', '78e9e2eb-4a05-4002-bbf8-9f33f7ab5139', 'Le cadre est très bon !', 'Le cadre était vraiment inoubliable. Bravo au chef !', 4, NOW() - interval '292 days'),
('85957bac-a99f-401b-8b6e-d4e52660a0f1', '9ec48c1c-6410-42e1-a042-dace1dfdc192', 'Une belle surprise', 'L''ambiance était vraiment fantastique. À refaire vite !', 5, NOW() - interval '5 days'),
('85957bac-a99f-401b-8b6e-d4e52660a0f1', '83270e83-404d-47ba-b5b3-1ca36918b307', 'Une belle surprise', 'Le cadre était vraiment fantastique. Grosse recommandation !', 5, NOW() - interval '77 days'),
('85957bac-a99f-401b-8b6e-d4e52660a0f1', 'ab947353-f1c7-445b-a468-af400032d2c0', 'Le repas est incroyable !', 'Le cadre était vraiment délicieux. À refaire vite !', 4, NOW() - interval '116 days'),
('85957bac-a99f-401b-8b6e-d4e52660a0f1', '66254d17-0694-4635-881d-92645b9496ed', 'Le service est délicieux !', 'L''accueil était vraiment superbe. On s''est régalés.', 5, NOW() - interval '18 days'),
('85957bac-a99f-401b-8b6e-d4e52660a0f1', 'fdf20a83-0328-4817-9d49-9b4763488971', 'Très bon moment', 'Le rapport qualité/prix était vraiment incroyable. À refaire vite !', 5, NOW() - interval '267 days'),
('85957bac-a99f-401b-8b6e-d4e52660a0f1', 'd8fb1d9a-c2c4-4d35-8264-bfb55ffd1579', 'Parfait', 'Le service était vraiment délicieux. Bravo au chef !', 5, NOW() - interval '280 days'),
('85957bac-a99f-401b-8b6e-d4e52660a0f1', '5220ea21-07eb-487a-b81d-a88bc137c706', 'Le repas est délicieux !', 'Le cadre était vraiment inoubliable. On s''est régalés.', 4, NOW() - interval '91 days'),
('85957bac-a99f-401b-8b6e-d4e52660a0f1', 'ea868686-4051-4507-a91f-e17d3d870e68', 'Le service est inoubliable !', 'L''ambiance était vraiment magique. Bravo au chef !', 5, NOW() - interval '209 days'),
('85957bac-a99f-401b-8b6e-d4e52660a0f1', 'd477db1c-2d8d-401e-b8e9-ccbf731df2e2', 'Décevant', 'L''accueil était long. Dommage.', 2, NOW() - interval '252 days'),
('85957bac-a99f-401b-8b6e-d4e52660a0f1', 'c56bab28-150f-4c50-b1fa-70887dca4030', 'Le rapport qualité/prix est magique !', 'Le rapport qualité/prix était vraiment parfait. Je recommande les yeux fermés.', 4, NOW() - interval '201 days'),
('85957bac-a99f-401b-8b6e-d4e52660a0f1', 'b41afb00-5d10-470c-96c8-f89e4221697c', 'Parfait', 'L''ambiance était vraiment incroyable. Grosse recommandation !', 5, NOW() - interval '149 days'),
('85957bac-a99f-401b-8b6e-d4e52660a0f1', '53c0bab4-919f-4b6b-95bb-8523d01b066c', 'À éviter', 'Le plat était bruyant. Bof.', 3, NOW() - interval '155 days'),
('85957bac-a99f-401b-8b6e-d4e52660a0f1', 'bf010115-0add-4e45-bdfa-82b74317063a', 'Le cadre est incroyable !', 'Le rapport qualité/prix était vraiment délicieux. Une pépite.', 4, NOW() - interval '155 days'),
('85957bac-a99f-401b-8b6e-d4e52660a0f1', 'ec527c34-faa3-4191-a083-3d01aa31c442', 'Excellent', 'L''ambiance était vraiment délicieux. Bravo au chef !', 4, NOW() - interval '239 days'),
('85957bac-a99f-401b-8b6e-d4e52660a0f1', 'a754c914-2cc5-4bb6-ac28-179c57e281d3', 'Parfait', 'Le service était vraiment génial. Je recommande les yeux fermés.', 4, NOW() - interval '216 days'),
('85957bac-a99f-401b-8b6e-d4e52660a0f1', 'e0a148ba-3a91-4874-83d8-0fa84d322b69', 'Assez décevant...', 'Le serveur était long. Je n''y retournerai pas.', 2, NOW() - interval '145 days'),
('85957bac-a99f-401b-8b6e-d4e52660a0f1', '1cd4ad3a-9ac0-4970-abed-1d5b5d07a72e', 'L''ambiance est superbe !', 'Le repas était vraiment superbe. Bravo au chef !', 4, NOW() - interval '240 days'),
('85957bac-a99f-401b-8b6e-d4e52660a0f1', '40828c67-6151-4a74-9790-33f90857e2a6', 'Très bon moment', 'Le service était vraiment incroyable. Je recommande les yeux fermés.', 4, NOW() - interval '258 days'),
('c6c45dc8-794f-45a4-acec-854fdef55943', '3a03cc54-3122-424b-8e68-45678385efd7', 'Assez bruyant...', 'Le plat était bruyant. Bof.', 2, NOW() - interval '251 days'),
('c6c45dc8-794f-45a4-acec-854fdef55943', '0a6c38a5-807a-4481-8b66-9ea2a175c8c3', 'Excellent', 'L''accueil était vraiment génial. On s''est régalés.', 4, NOW() - interval '41 days'),
('c6c45dc8-794f-45a4-acec-854fdef55943', '4903f8cf-383d-42b2-926d-f3ec2e9c8c40', 'Décevant', 'Le plat était long. Je n''y retournerai pas.', 3, NOW() - interval '285 days'),
('c6c45dc8-794f-45a4-acec-854fdef55943', '0d23d775-4bd3-400b-bd20-6daa6d95aaef', 'Le rapport qualité/prix est génial !', 'Le cadre était vraiment incroyable. Bravo au chef !', 5, NOW() - interval '78 days'),
('c6c45dc8-794f-45a4-acec-854fdef55943', '48536c3c-376b-42ce-84b1-f0b4f1e276fa', 'Excellent', 'Le rapport qualité/prix était vraiment très bon. On s''est régalés.', 5, NOW() - interval '295 days'),
('c6c45dc8-794f-45a4-acec-854fdef55943', 'b30ea63d-c95b-4812-9b04-9b34d31040c7', 'L''ambiance est très bon !', 'L''accueil était vraiment délicieux. Bravo au chef !', 5, NOW() - interval '127 days'),
('c6c45dc8-794f-45a4-acec-854fdef55943', '9b26a310-99bd-4a48-b8b2-8173634c348c', 'Une belle surprise', 'Le service était vraiment génial. À refaire vite !', 4, NOW() - interval '54 days'),
('c6c45dc8-794f-45a4-acec-854fdef55943', '9ec48c1c-6410-42e1-a042-dace1dfdc192', 'L''ambiance est superbe !', 'L''accueil était vraiment superbe. Je recommande les yeux fermés.', 5, NOW() - interval '111 days'),
('c6c45dc8-794f-45a4-acec-854fdef55943', 'ff674109-4d1d-427a-b9d2-68466acb1aba', 'Très bon moment', 'Le cadre était vraiment incroyable. Je recommande les yeux fermés.', 4, NOW() - interval '88 days'),
('c6c45dc8-794f-45a4-acec-854fdef55943', 'b3f904b4-9d77-448d-a8e6-db86d951025f', 'Assez trop cher...', 'L''accueil était fade. Passez votre chemin.', 2, NOW() - interval '243 days'),
('c6c45dc8-794f-45a4-acec-854fdef55943', '69241b62-275f-403c-acfd-4e502d320405', 'Une belle surprise', 'Le rapport qualité/prix était vraiment magique. Bravo au chef !', 5, NOW() - interval '118 days'),
('c6c45dc8-794f-45a4-acec-854fdef55943', 'ea868686-4051-4507-a91f-e17d3d870e68', 'Assez long...', 'Le service était long. Passez votre chemin.', 3, NOW() - interval '20 days'),
('c6c45dc8-794f-45a4-acec-854fdef55943', 'e0a148ba-3a91-4874-83d8-0fa84d322b69', 'Le repas est fantastique !', 'Le repas était vraiment fantastique. On s''est régalés.', 5, NOW() - interval '129 days'),
('c6c45dc8-794f-45a4-acec-854fdef55943', 'fdf27e96-00d8-4789-80f8-e2b889159c20', 'Assez moyen...', 'Le prix était moyen. Je n''y retournerai pas.', 1, NOW() - interval '99 days'),
('c6c45dc8-794f-45a4-acec-854fdef55943', '83270e83-404d-47ba-b5b3-1ca36918b307', 'Le repas est parfait !', 'Le service était vraiment incroyable. À refaire vite !', 5, NOW() - interval '149 days'),
('c6c45dc8-794f-45a4-acec-854fdef55943', '0e6959fe-9d29-4d3f-bd16-f676ed23e1a9', 'Le repas est incroyable !', 'Le service était vraiment incroyable. On s''est régalés.', 5, NOW() - interval '215 days'),
('c6c45dc8-794f-45a4-acec-854fdef55943', '82c3294a-770d-4581-8552-17284e09c226', 'Le service est parfait !', 'L''ambiance était vraiment incroyable. Grosse recommandation !', 4, NOW() - interval '122 days'),
('c6c45dc8-794f-45a4-acec-854fdef55943', 'ec527c34-faa3-4191-a083-3d01aa31c442', 'Assez bruyant...', 'Le plat était décevant. Bof.', 2, NOW() - interval '126 days'),
('9574e2f6-badb-4c46-8a48-a906f260cc2a', '48536c3c-376b-42ce-84b1-f0b4f1e276fa', 'Assez trop cher...', 'L''accueil était long. Pas terrible...', 3, NOW() - interval '202 days'),
('9574e2f6-badb-4c46-8a48-a906f260cc2a', '53c0bab4-919f-4b6b-95bb-8523d01b066c', 'Excellent', 'Le rapport qualité/prix était vraiment magique. À refaire vite !', 4, NOW() - interval '175 days'),
('9574e2f6-badb-4c46-8a48-a906f260cc2a', 'fdf20a83-0328-4817-9d49-9b4763488971', 'Assez trop cher...', 'Le service était trop cher. À éviter.', 2, NOW() - interval '291 days'),
('9574e2f6-badb-4c46-8a48-a906f260cc2a', '5220ea21-07eb-487a-b81d-a88bc137c706', 'Le repas est magique !', 'Le repas était vraiment génial. Bravo au chef !', 4, NOW() - interval '145 days'),
('9574e2f6-badb-4c46-8a48-a906f260cc2a', '2041f191-aa57-47ab-aea6-032f15cfc5a0', 'Moyen', 'Le serveur était bruyant. Bof.', 3, NOW() - interval '114 days'),
('9574e2f6-badb-4c46-8a48-a906f260cc2a', 'a06635df-536a-4fce-9a61-38ebd2feab65', 'Parfait', 'L''accueil était vraiment magique. Une pépite.', 4, NOW() - interval '149 days'),
('9574e2f6-badb-4c46-8a48-a906f260cc2a', '3a03cc54-3122-424b-8e68-45678385efd7', 'Très bon moment', 'Le service était vraiment parfait. On s''est régalés.', 4, NOW() - interval '268 days'),
('9574e2f6-badb-4c46-8a48-a906f260cc2a', '57f49f59-5be3-4d31-be7b-f639c179affb', 'Parfait', 'L''accueil était vraiment incroyable. Bravo au chef !', 5, NOW() - interval '120 days'),
('9574e2f6-badb-4c46-8a48-a906f260cc2a', '532676f4-e227-4339-9721-094648d48816', 'Assez long...', 'Le prix était trop cher. À éviter.', 1, NOW() - interval '12 days'),
('9574e2f6-badb-4c46-8a48-a906f260cc2a', '4484e083-aa27-44c6-a590-8963767811ee', 'Le cadre est délicieux !', 'Le service était vraiment très bon. Je recommande les yeux fermés.', 4, NOW() - interval '274 days'),
('9574e2f6-badb-4c46-8a48-a906f260cc2a', 'bb773c55-dcd8-409c-9efb-fa20d5d29d88', 'À éviter', 'L''accueil était bruyant. À éviter.', 3, NOW() - interval '273 days'),
('9574e2f6-badb-4c46-8a48-a906f260cc2a', '9fd0778a-0882-4b06-868c-d52b7cb38274', 'Une belle surprise', 'Le rapport qualité/prix était vraiment inoubliable. Bravo au chef !', 4, NOW() - interval '285 days'),
('9574e2f6-badb-4c46-8a48-a906f260cc2a', '78e9e2eb-4a05-4002-bbf8-9f33f7ab5139', 'Très bon moment', 'Le rapport qualité/prix était vraiment fantastique. Une pépite.', 4, NOW() - interval '39 days'),
('9574e2f6-badb-4c46-8a48-a906f260cc2a', '0e6959fe-9d29-4d3f-bd16-f676ed23e1a9', 'Le rapport qualité/prix est magique !', 'L''accueil était vraiment superbe. Grosse recommandation !', 4, NOW() - interval '67 days'),
('9574e2f6-badb-4c46-8a48-a906f260cc2a', 'b30ea63d-c95b-4812-9b04-9b34d31040c7', 'Excellent', 'L''ambiance était vraiment parfait. Bravo au chef !', 4, NOW() - interval '197 days'),
('433b0570-4c35-44cd-be2b-e3254523a4e4', '81768de7-047d-43bf-9001-a2e648de148e', 'Excellent', 'L''accueil était vraiment fantastique. Une pépite.', 5, NOW() - interval '209 days'),
('433b0570-4c35-44cd-be2b-e3254523a4e4', 'ab3715ba-2a9c-4a7e-a936-1883e29735b2', 'Excellent', 'Le repas était vraiment parfait. Une pépite.', 5, NOW() - interval '187 days'),
('433b0570-4c35-44cd-be2b-e3254523a4e4', '771cd74e-bd6e-4bb8-9e06-3bac9a2fea75', 'Le cadre est incroyable !', 'L''accueil était vraiment superbe. Je recommande les yeux fermés.', 4, NOW() - interval '135 days'),
('433b0570-4c35-44cd-be2b-e3254523a4e4', '82c3294a-770d-4581-8552-17284e09c226', 'Le cadre est parfait !', 'Le repas était vraiment parfait. À refaire vite !', 4, NOW() - interval '128 days'),
('433b0570-4c35-44cd-be2b-e3254523a4e4', '1dc96ea7-3c98-4bd3-af67-67cf92a51b9b', 'Décevant', 'Le serveur était fade. Dommage.', 3, NOW() - interval '64 days'),
('433b0570-4c35-44cd-be2b-e3254523a4e4', '1f9ca113-fa33-47bf-891c-455bd50bdeeb', 'Le repas est magique !', 'L''ambiance était vraiment incroyable. Je recommande les yeux fermés.', 4, NOW() - interval '158 days'),
('433b0570-4c35-44cd-be2b-e3254523a4e4', '66254d17-0694-4635-881d-92645b9496ed', 'Assez long...', 'L''accueil était bruyant. Dommage.', 2, NOW() - interval '27 days'),
('433b0570-4c35-44cd-be2b-e3254523a4e4', 'c56bab28-150f-4c50-b1fa-70887dca4030', 'Le service est fantastique !', 'Le cadre était vraiment parfait. À refaire vite !', 4, NOW() - interval '182 days'),
('433b0570-4c35-44cd-be2b-e3254523a4e4', 'b1d5ab3c-8672-4fed-b2f1-18a9683d41b8', 'Une belle surprise', 'L''accueil était vraiment magique. Une pépite.', 4, NOW() - interval '174 days'),
('433b0570-4c35-44cd-be2b-e3254523a4e4', 'bb773c55-dcd8-409c-9efb-fa20d5d29d88', 'Assez trop cher...', 'Le service était long. À éviter.', 3, NOW() - interval '211 days'),
('433b0570-4c35-44cd-be2b-e3254523a4e4', 'a348dd1f-ad4f-4c2b-a61f-4dbc60735db7', 'Le cadre est fantastique !', 'L''accueil était vraiment très bon. Grosse recommandation !', 4, NOW() - interval '155 days'),
('433b0570-4c35-44cd-be2b-e3254523a4e4', '57f49f59-5be3-4d31-be7b-f639c179affb', 'Une belle surprise', 'L''ambiance était vraiment parfait. Bravo au chef !', 5, NOW() - interval '156 days'),
('433b0570-4c35-44cd-be2b-e3254523a4e4', '0d23d775-4bd3-400b-bd20-6daa6d95aaef', 'Assez moyen...', 'Le prix était fade. Je n''y retournerai pas.', 2, NOW() - interval '1 days'),
('433b0570-4c35-44cd-be2b-e3254523a4e4', '43b99cec-43cc-4b3d-8cb1-7413efb41478', 'Très bon moment', 'L''accueil était vraiment superbe. On s''est régalés.', 4, NOW() - interval '120 days'),
('433b0570-4c35-44cd-be2b-e3254523a4e4', '53c0bab4-919f-4b6b-95bb-8523d01b066c', 'Très bon moment', 'L''ambiance était vraiment génial. Bravo au chef !', 5, NOW() - interval '0 days'),
('433b0570-4c35-44cd-be2b-e3254523a4e4', 'e2f13625-9c40-4d47-ac7e-4631a22d84e3', 'Le cadre est délicieux !', 'Le rapport qualité/prix était vraiment fantastique. Bravo au chef !', 5, NOW() - interval '141 days'),
('433b0570-4c35-44cd-be2b-e3254523a4e4', '78e9e2eb-4a05-4002-bbf8-9f33f7ab5139', 'Une belle surprise', 'Le cadre était vraiment parfait. À refaire vite !', 4, NOW() - interval '79 days'),
('433b0570-4c35-44cd-be2b-e3254523a4e4', '4903f8cf-383d-42b2-926d-f3ec2e9c8c40', 'Très bon moment', 'Le repas était vraiment magique. À refaire vite !', 4, NOW() - interval '122 days'),
('433b0570-4c35-44cd-be2b-e3254523a4e4', '329d9b2e-4400-438e-86b8-38c415d5998a', 'Le repas est superbe !', 'Le rapport qualité/prix était vraiment superbe. À refaire vite !', 5, NOW() - interval '207 days'),
('433b0570-4c35-44cd-be2b-e3254523a4e4', '9c7ded70-66f7-4192-990f-0df401fdf106', 'Assez long...', 'Le serveur était fade. Dommage.', 1, NOW() - interval '15 days'),
('433b0570-4c35-44cd-be2b-e3254523a4e4', '1c70f3c6-0547-4bbd-9efd-17e2f7401e1a', 'Assez moyen...', 'Le prix était trop cher. Passez votre chemin.', 3, NOW() - interval '299 days'),
('6211be8c-b24f-4453-8042-c0234cd0d5f7', '4903f8cf-383d-42b2-926d-f3ec2e9c8c40', 'Excellent', 'Le repas était vraiment délicieux. On s''est régalés.', 4, NOW() - interval '14 days'),
('6211be8c-b24f-4453-8042-c0234cd0d5f7', '9b26a310-99bd-4a48-b8b2-8173634c348c', 'Excellent', 'L''accueil était vraiment magique. Grosse recommandation !', 5, NOW() - interval '158 days'),
('6211be8c-b24f-4453-8042-c0234cd0d5f7', 'e0a148ba-3a91-4874-83d8-0fa84d322b69', 'Le repas est magique !', 'Le rapport qualité/prix était vraiment incroyable. Bravo au chef !', 4, NOW() - interval '297 days'),
('6211be8c-b24f-4453-8042-c0234cd0d5f7', '4484e083-aa27-44c6-a590-8963767811ee', 'Le repas est incroyable !', 'Le service était vraiment incroyable. Grosse recommandation !', 4, NOW() - interval '29 days'),
('6211be8c-b24f-4453-8042-c0234cd0d5f7', '0e6959fe-9d29-4d3f-bd16-f676ed23e1a9', 'Très bon moment', 'Le repas était vraiment délicieux. Bravo au chef !', 5, NOW() - interval '194 days'),
('6211be8c-b24f-4453-8042-c0234cd0d5f7', '2704729c-4016-44aa-aed1-bd9a920710c7', 'Le repas est superbe !', 'Le cadre était vraiment fantastique. On s''est régalés.', 4, NOW() - interval '239 days'),
('6211be8c-b24f-4453-8042-c0234cd0d5f7', 'bf010115-0add-4e45-bdfa-82b74317063a', 'Le rapport qualité/prix est inoubliable !', 'L''accueil était vraiment magique. Une pépite.', 5, NOW() - interval '84 days'),
('6211be8c-b24f-4453-8042-c0234cd0d5f7', 'd8fb1d9a-c2c4-4d35-8264-bfb55ffd1579', 'L''accueil est inoubliable !', 'Le cadre était vraiment magique. On s''est régalés.', 5, NOW() - interval '227 days'),
('6211be8c-b24f-4453-8042-c0234cd0d5f7', '599336bf-d99e-4ce2-b0b1-b8833bac11c7', 'Excellent', 'Le rapport qualité/prix était vraiment très bon. On s''est régalés.', 5, NOW() - interval '50 days'),
('6211be8c-b24f-4453-8042-c0234cd0d5f7', '1f9ca113-fa33-47bf-891c-455bd50bdeeb', 'Bof', 'L''accueil était moyen. Pas terrible...', 2, NOW() - interval '81 days'),
('6211be8c-b24f-4453-8042-c0234cd0d5f7', 'efec6f62-494b-4dc0-bd8f-6e17db2de67b', 'Très bon moment', 'L''accueil était vraiment génial. Bravo au chef !', 4, NOW() - interval '36 days'),
('6211be8c-b24f-4453-8042-c0234cd0d5f7', '57f49f59-5be3-4d31-be7b-f639c179affb', 'Une belle surprise', 'L''ambiance était vraiment fantastique. Bravo au chef !', 5, NOW() - interval '148 days'),
('6211be8c-b24f-4453-8042-c0234cd0d5f7', 'ee2d40c1-ce57-426a-95bd-25c42861d847', 'Décevant', 'Le service était fade. À éviter.', 3, NOW() - interval '140 days'),
('6211be8c-b24f-4453-8042-c0234cd0d5f7', 'fdf20a83-0328-4817-9d49-9b4763488971', 'Très bon moment', 'Le repas était vraiment délicieux. On s''est régalés.', 4, NOW() - interval '78 days'),
('6211be8c-b24f-4453-8042-c0234cd0d5f7', 'c56bab28-150f-4c50-b1fa-70887dca4030', 'Une belle surprise', 'Le cadre était vraiment superbe. Bravo au chef !', 5, NOW() - interval '145 days'),
('6211be8c-b24f-4453-8042-c0234cd0d5f7', 'dfffe63e-dab2-4fea-a994-05bab9c5f338', 'Parfait', 'Le repas était vraiment très bon. Je recommande les yeux fermés.', 4, NOW() - interval '286 days'),
('6211be8c-b24f-4453-8042-c0234cd0d5f7', '40828c67-6151-4a74-9790-33f90857e2a6', 'Très bon moment', 'Le repas était vraiment parfait. Je recommande les yeux fermés.', 4, NOW() - interval '252 days'),
('6211be8c-b24f-4453-8042-c0234cd0d5f7', '82c3294a-770d-4581-8552-17284e09c226', 'L''ambiance est fantastique !', 'L''accueil était vraiment magique. On s''est régalés.', 5, NOW() - interval '83 days'),
('6211be8c-b24f-4453-8042-c0234cd0d5f7', '69241b62-275f-403c-acfd-4e502d320405', 'Très bon moment', 'Le cadre était vraiment délicieux. On s''est régalés.', 4, NOW() - interval '13 days'),
('6211be8c-b24f-4453-8042-c0234cd0d5f7', '1cd4ad3a-9ac0-4970-abed-1d5b5d07a72e', 'Excellent', 'Le repas était vraiment superbe. À refaire vite !', 4, NOW() - interval '250 days'),
('6211be8c-b24f-4453-8042-c0234cd0d5f7', '11fbeaf5-9823-4aee-9e76-8939a8bbee70', 'Excellent', 'Le cadre était vraiment délicieux. Je recommande les yeux fermés.', 4, NOW() - interval '16 days'),
('6211be8c-b24f-4453-8042-c0234cd0d5f7', '9093fcc6-ff7d-49ea-8b24-aba47a8ec8e8', 'Assez fade...', 'L''accueil était fade. Dommage.', 1, NOW() - interval '47 days'),
('6211be8c-b24f-4453-8042-c0234cd0d5f7', '1c70f3c6-0547-4bbd-9efd-17e2f7401e1a', 'Parfait', 'Le repas était vraiment génial. Je recommande les yeux fermés.', 5, NOW() - interval '286 days'),
('08a31a7c-f055-404e-b96e-ae637fc9cc24', 'ec527c34-faa3-4191-a083-3d01aa31c442', 'Assez décevant...', 'Le prix était fade. Je n''y retournerai pas.', 3, NOW() - interval '27 days'),
('08a31a7c-f055-404e-b96e-ae637fc9cc24', '0d23d775-4bd3-400b-bd20-6daa6d95aaef', 'Assez long...', 'Le prix était trop cher. À éviter.', 2, NOW() - interval '176 days'),
('08a31a7c-f055-404e-b96e-ae637fc9cc24', 'd8fb1d9a-c2c4-4d35-8264-bfb55ffd1579', 'Une belle surprise', 'L''ambiance était vraiment très bon. Je recommande les yeux fermés.', 5, NOW() - interval '70 days'),
('08a31a7c-f055-404e-b96e-ae637fc9cc24', '8cbfe7ed-c915-486c-b01c-e401c44c26e7', 'Assez bruyant...', 'Le plat était long. Dommage.', 3, NOW() - interval '70 days'),
('08a31a7c-f055-404e-b96e-ae637fc9cc24', 'ee2d40c1-ce57-426a-95bd-25c42861d847', 'Une belle surprise', 'Le rapport qualité/prix était vraiment incroyable. Grosse recommandation !', 5, NOW() - interval '170 days'),
('08a31a7c-f055-404e-b96e-ae637fc9cc24', '53c0bab4-919f-4b6b-95bb-8523d01b066c', 'Le rapport qualité/prix est parfait !', 'Le rapport qualité/prix était vraiment délicieux. À refaire vite !', 4, NOW() - interval '148 days'),
('08a31a7c-f055-404e-b96e-ae637fc9cc24', '1dc96ea7-3c98-4bd3-af67-67cf92a51b9b', 'Très bon moment', 'Le cadre était vraiment très bon. On s''est régalés.', 5, NOW() - interval '216 days'),
('08a31a7c-f055-404e-b96e-ae637fc9cc24', 'bb773c55-dcd8-409c-9efb-fa20d5d29d88', 'À éviter', 'Le serveur était long. Je n''y retournerai pas.', 3, NOW() - interval '15 days'),
('08a31a7c-f055-404e-b96e-ae637fc9cc24', '5220ea21-07eb-487a-b81d-a88bc137c706', 'Excellent', 'Le service était vraiment magique. À refaire vite !', 5, NOW() - interval '11 days'),
('08a31a7c-f055-404e-b96e-ae637fc9cc24', '81768de7-047d-43bf-9001-a2e648de148e', 'Assez décevant...', 'Le prix était long. Bof.', 2, NOW() - interval '0 days'),
('08a31a7c-f055-404e-b96e-ae637fc9cc24', 'efec6f62-494b-4dc0-bd8f-6e17db2de67b', 'Bof', 'Le prix était bruyant. Dommage.', 3, NOW() - interval '40 days'),
('08a31a7c-f055-404e-b96e-ae637fc9cc24', 'a06635df-536a-4fce-9a61-38ebd2feab65', 'L''ambiance est fantastique !', 'Le service était vraiment parfait. À refaire vite !', 5, NOW() - interval '300 days'),
('08a31a7c-f055-404e-b96e-ae637fc9cc24', 'bf010115-0add-4e45-bdfa-82b74317063a', 'Très bon moment', 'Le service était vraiment inoubliable. Une pépite.', 5, NOW() - interval '208 days'),
('08a31a7c-f055-404e-b96e-ae637fc9cc24', '329d9b2e-4400-438e-86b8-38c415d5998a', 'Parfait', 'Le service était vraiment inoubliable. On s''est régalés.', 4, NOW() - interval '137 days'),
('08a31a7c-f055-404e-b96e-ae637fc9cc24', '04843025-d96b-4bb3-b524-91add813f5ba', 'Assez bruyant...', 'Le prix était long. Bof.', 3, NOW() - interval '102 days'),
('08a31a7c-f055-404e-b96e-ae637fc9cc24', '599336bf-d99e-4ce2-b0b1-b8833bac11c7', 'Le cadre est délicieux !', 'Le rapport qualité/prix était vraiment incroyable. À refaire vite !', 4, NOW() - interval '209 days'),
('08a31a7c-f055-404e-b96e-ae637fc9cc24', '0a6c38a5-807a-4481-8b66-9ea2a175c8c3', 'L''ambiance est parfait !', 'Le repas était vraiment fantastique. Une pépite.', 5, NOW() - interval '39 days'),
('08a31a7c-f055-404e-b96e-ae637fc9cc24', 'e2f13625-9c40-4d47-ac7e-4631a22d84e3', 'Assez bruyant...', 'Le plat était bruyant. À éviter.', 1, NOW() - interval '254 days'),
('08a31a7c-f055-404e-b96e-ae637fc9cc24', '4903f8cf-383d-42b2-926d-f3ec2e9c8c40', 'Le cadre est inoubliable !', 'Le cadre était vraiment inoubliable. À refaire vite !', 5, NOW() - interval '86 days'),
('08a31a7c-f055-404e-b96e-ae637fc9cc24', 'ff674109-4d1d-427a-b9d2-68466acb1aba', 'L''accueil est fantastique !', 'Le service était vraiment parfait. Grosse recommandation !', 4, NOW() - interval '272 days'),
('08a31a7c-f055-404e-b96e-ae637fc9cc24', 'ab947353-f1c7-445b-a468-af400032d2c0', 'Assez fade...', 'Le serveur était moyen. À éviter.', 1, NOW() - interval '178 days'),
('08a31a7c-f055-404e-b96e-ae637fc9cc24', '2041f191-aa57-47ab-aea6-032f15cfc5a0', 'Le service est incroyable !', 'Le rapport qualité/prix était vraiment très bon. Grosse recommandation !', 5, NOW() - interval '64 days'),
('08a31a7c-f055-404e-b96e-ae637fc9cc24', '1c70f3c6-0547-4bbd-9efd-17e2f7401e1a', 'Assez moyen...', 'Le plat était fade. Pas terrible...', 3, NOW() - interval '172 days'),
('08a31a7c-f055-404e-b96e-ae637fc9cc24', '9fd0778a-0882-4b06-868c-d52b7cb38274', 'Parfait', 'L''accueil était vraiment incroyable. Bravo au chef !', 4, NOW() - interval '181 days'),
('08a31a7c-f055-404e-b96e-ae637fc9cc24', '9093fcc6-ff7d-49ea-8b24-aba47a8ec8e8', 'Le service est superbe !', 'Le repas était vraiment inoubliable. À refaire vite !', 4, NOW() - interval '134 days'),
('b39cecce-aaef-44cb-8cbe-03a53402b2e1', '53c0bab4-919f-4b6b-95bb-8523d01b066c', 'Le service est incroyable !', 'L''ambiance était vraiment parfait. À refaire vite !', 5, NOW() - interval '161 days'),
('b39cecce-aaef-44cb-8cbe-03a53402b2e1', '409c8f7e-dfa4-4c5d-9c40-df668ffb873b', 'À éviter', 'L''accueil était trop cher. Bof.', 2, NOW() - interval '257 days'),
('b39cecce-aaef-44cb-8cbe-03a53402b2e1', '82c3294a-770d-4581-8552-17284e09c226', 'Assez bruyant...', 'Le plat était moyen. Je n''y retournerai pas.', 1, NOW() - interval '22 days'),
('b39cecce-aaef-44cb-8cbe-03a53402b2e1', 'ee2d40c1-ce57-426a-95bd-25c42861d847', 'Le service est très bon !', 'Le cadre était vraiment génial. Je recommande les yeux fermés.', 4, NOW() - interval '265 days'),
('b39cecce-aaef-44cb-8cbe-03a53402b2e1', 'bd0e985b-fa5b-4db8-b5ea-02627f49417a', 'Excellent', 'Le repas était vraiment inoubliable. À refaire vite !', 5, NOW() - interval '178 days'),
('b39cecce-aaef-44cb-8cbe-03a53402b2e1', 'a348dd1f-ad4f-4c2b-a61f-4dbc60735db7', 'Décevant', 'Le plat était moyen. À éviter.', 3, NOW() - interval '188 days'),
('b39cecce-aaef-44cb-8cbe-03a53402b2e1', 'b30ea63d-c95b-4812-9b04-9b34d31040c7', 'Excellent', 'Le rapport qualité/prix était vraiment superbe. À refaire vite !', 5, NOW() - interval '173 days'),
('b39cecce-aaef-44cb-8cbe-03a53402b2e1', 'cb4c30bd-5e09-4b4e-8ab3-8d8223991ac2', 'Le service est génial !', 'Le service était vraiment très bon. On s''est régalés.', 5, NOW() - interval '266 days'),
('b39cecce-aaef-44cb-8cbe-03a53402b2e1', '04843025-d96b-4bb3-b524-91add813f5ba', 'Le rapport qualité/prix est inoubliable !', 'Le rapport qualité/prix était vraiment génial. Une pépite.', 4, NOW() - interval '212 days'),
('b39cecce-aaef-44cb-8cbe-03a53402b2e1', '9fd0778a-0882-4b06-868c-d52b7cb38274', 'Le cadre est délicieux !', 'Le rapport qualité/prix était vraiment génial. Grosse recommandation !', 5, NOW() - interval '256 days'),
('b39cecce-aaef-44cb-8cbe-03a53402b2e1', 'fdf27e96-00d8-4789-80f8-e2b889159c20', 'Assez fade...', 'Le prix était long. Je n''y retournerai pas.', 1, NOW() - interval '73 days'),
('b39cecce-aaef-44cb-8cbe-03a53402b2e1', '57f49f59-5be3-4d31-be7b-f639c179affb', 'Assez long...', 'L''accueil était décevant. Dommage.', 2, NOW() - interval '51 days'),
('b39cecce-aaef-44cb-8cbe-03a53402b2e1', 'a754c914-2cc5-4bb6-ac28-179c57e281d3', 'Assez bruyant...', 'Le serveur était bruyant. Pas terrible...', 3, NOW() - interval '214 days'),
('b39cecce-aaef-44cb-8cbe-03a53402b2e1', 'a658daad-6673-4faa-b8bc-11e14df00566', 'Décevant', 'Le prix était bruyant. Pas terrible...', 1, NOW() - interval '217 days'),
('b39cecce-aaef-44cb-8cbe-03a53402b2e1', 'e0a148ba-3a91-4874-83d8-0fa84d322b69', 'Le service est délicieux !', 'Le repas était vraiment génial. Je recommande les yeux fermés.', 4, NOW() - interval '191 days'),
('b39cecce-aaef-44cb-8cbe-03a53402b2e1', '40828c67-6151-4a74-9790-33f90857e2a6', 'Le service est incroyable !', 'Le repas était vraiment inoubliable. Bravo au chef !', 4, NOW() - interval '291 days'),
('b39cecce-aaef-44cb-8cbe-03a53402b2e1', '9b26a310-99bd-4a48-b8b2-8173634c348c', 'Très bon moment', 'Le service était vraiment inoubliable. Je recommande les yeux fermés.', 5, NOW() - interval '253 days'),
('b39cecce-aaef-44cb-8cbe-03a53402b2e1', '1cd4ad3a-9ac0-4970-abed-1d5b5d07a72e', 'Le service est incroyable !', 'L''accueil était vraiment magique. À refaire vite !', 4, NOW() - interval '33 days'),
('b39cecce-aaef-44cb-8cbe-03a53402b2e1', '1f9ca113-fa33-47bf-891c-455bd50bdeeb', 'Le rapport qualité/prix est superbe !', 'L''accueil était vraiment délicieux. Je recommande les yeux fermés.', 4, NOW() - interval '98 days'),
('b39cecce-aaef-44cb-8cbe-03a53402b2e1', 'bf010115-0add-4e45-bdfa-82b74317063a', 'Une belle surprise', 'Le repas était vraiment parfait. Grosse recommandation !', 4, NOW() - interval '268 days'),
('b39cecce-aaef-44cb-8cbe-03a53402b2e1', '532676f4-e227-4339-9721-094648d48816', 'Parfait', 'L''accueil était vraiment parfait. Bravo au chef !', 5, NOW() - interval '63 days'),
('b39cecce-aaef-44cb-8cbe-03a53402b2e1', 'dfffe63e-dab2-4fea-a994-05bab9c5f338', 'Le cadre est inoubliable !', 'L''accueil était vraiment génial. On s''est régalés.', 5, NOW() - interval '113 days'),
('b39cecce-aaef-44cb-8cbe-03a53402b2e1', '1c70f3c6-0547-4bbd-9efd-17e2f7401e1a', 'Parfait', 'Le repas était vraiment génial. Bravo au chef !', 5, NOW() - interval '54 days'),
('29e7c6d7-8111-41d3-981e-043155ded9f6', 'ea868686-4051-4507-a91f-e17d3d870e68', 'Le repas est très bon !', 'L''ambiance était vraiment génial. Je recommande les yeux fermés.', 4, NOW() - interval '39 days'),
('29e7c6d7-8111-41d3-981e-043155ded9f6', 'a754c914-2cc5-4bb6-ac28-179c57e281d3', 'Très bon moment', 'Le service était vraiment superbe. On s''est régalés.', 4, NOW() - interval '64 days'),
('29e7c6d7-8111-41d3-981e-043155ded9f6', '0d23d775-4bd3-400b-bd20-6daa6d95aaef', 'Assez bruyant...', 'Le service était bruyant. À éviter.', 2, NOW() - interval '62 days'),
('29e7c6d7-8111-41d3-981e-043155ded9f6', '81768de7-047d-43bf-9001-a2e648de148e', 'L''ambiance est magique !', 'Le repas était vraiment incroyable. Je recommande les yeux fermés.', 4, NOW() - interval '176 days'),
('29e7c6d7-8111-41d3-981e-043155ded9f6', 'a06635df-536a-4fce-9a61-38ebd2feab65', 'Moyen', 'Le serveur était moyen. Je n''y retournerai pas.', 2, NOW() - interval '174 days'),
('29e7c6d7-8111-41d3-981e-043155ded9f6', '11fbeaf5-9823-4aee-9e76-8939a8bbee70', 'Assez long...', 'Le service était trop cher. Pas terrible...', 2, NOW() - interval '259 days'),
('29e7c6d7-8111-41d3-981e-043155ded9f6', 'dfffe63e-dab2-4fea-a994-05bab9c5f338', 'Le cadre est génial !', 'L''accueil était vraiment magique. On s''est régalés.', 5, NOW() - interval '108 days'),
('29e7c6d7-8111-41d3-981e-043155ded9f6', '1dc96ea7-3c98-4bd3-af67-67cf92a51b9b', 'Assez fade...', 'Le prix était fade. À éviter.', 1, NOW() - interval '202 days'),
('29e7c6d7-8111-41d3-981e-043155ded9f6', '53c0bab4-919f-4b6b-95bb-8523d01b066c', 'Le repas est superbe !', 'Le service était vraiment superbe. Grosse recommandation !', 5, NOW() - interval '210 days'),
('29e7c6d7-8111-41d3-981e-043155ded9f6', '3a03cc54-3122-424b-8e68-45678385efd7', 'Parfait', 'Le repas était vraiment inoubliable. Une pépite.', 5, NOW() - interval '118 days'),
('29e7c6d7-8111-41d3-981e-043155ded9f6', 'a348dd1f-ad4f-4c2b-a61f-4dbc60735db7', 'Parfait', 'Le repas était vraiment génial. On s''est régalés.', 4, NOW() - interval '79 days'),
('29e7c6d7-8111-41d3-981e-043155ded9f6', '2704729c-4016-44aa-aed1-bd9a920710c7', 'Assez décevant...', 'Le serveur était trop cher. Je n''y retournerai pas.', 3, NOW() - interval '64 days'),
('29e7c6d7-8111-41d3-981e-043155ded9f6', '771cd74e-bd6e-4bb8-9e06-3bac9a2fea75', 'Une belle surprise', 'Le service était vraiment superbe. Bravo au chef !', 4, NOW() - interval '8 days'),
('29e7c6d7-8111-41d3-981e-043155ded9f6', '82c3294a-770d-4581-8552-17284e09c226', 'Parfait', 'Le rapport qualité/prix était vraiment inoubliable. À refaire vite !', 5, NOW() - interval '252 days'),
('29e7c6d7-8111-41d3-981e-043155ded9f6', 'ab3715ba-2a9c-4a7e-a936-1883e29735b2', 'L''ambiance est incroyable !', 'Le cadre était vraiment parfait. Une pépite.', 5, NOW() - interval '102 days'),
('2d0b5e96-6465-49fe-8545-f355b8c4b836', '9b26a310-99bd-4a48-b8b2-8173634c348c', 'Très bon moment', 'Le repas était vraiment très bon. Bravo au chef !', 5, NOW() - interval '84 days'),
('2d0b5e96-6465-49fe-8545-f355b8c4b836', '6b5511ed-fb49-4916-b9ef-89745bdc0ddd', 'Le service est magique !', 'Le repas était vraiment parfait. On s''est régalés.', 5, NOW() - interval '147 days'),
('2d0b5e96-6465-49fe-8545-f355b8c4b836', '82c3294a-770d-4581-8552-17284e09c226', 'Parfait', 'Le cadre était vraiment inoubliable. À refaire vite !', 4, NOW() - interval '299 days'),
('2d0b5e96-6465-49fe-8545-f355b8c4b836', '53c0bab4-919f-4b6b-95bb-8523d01b066c', 'L''accueil est inoubliable !', 'L''ambiance était vraiment inoubliable. Je recommande les yeux fermés.', 5, NOW() - interval '120 days'),
('2d0b5e96-6465-49fe-8545-f355b8c4b836', '9fd0778a-0882-4b06-868c-d52b7cb38274', 'Assez bruyant...', 'Le plat était décevant. Je n''y retournerai pas.', 2, NOW() - interval '236 days'),
('2d0b5e96-6465-49fe-8545-f355b8c4b836', '532676f4-e227-4339-9721-094648d48816', 'À éviter', 'Le serveur était long. Passez votre chemin.', 1, NOW() - interval '268 days'),
('2d0b5e96-6465-49fe-8545-f355b8c4b836', '0d23d775-4bd3-400b-bd20-6daa6d95aaef', 'Le cadre est très bon !', 'L''ambiance était vraiment superbe. Bravo au chef !', 4, NOW() - interval '8 days'),
('2d0b5e96-6465-49fe-8545-f355b8c4b836', '11fbeaf5-9823-4aee-9e76-8939a8bbee70', 'L''ambiance est inoubliable !', 'Le repas était vraiment très bon. On s''est régalés.', 5, NOW() - interval '75 days'),
('2d0b5e96-6465-49fe-8545-f355b8c4b836', 'a348dd1f-ad4f-4c2b-a61f-4dbc60735db7', 'Excellent', 'Le rapport qualité/prix était vraiment très bon. Bravo au chef !', 5, NOW() - interval '13 days'),
('2d0b5e96-6465-49fe-8545-f355b8c4b836', '1cd4ad3a-9ac0-4970-abed-1d5b5d07a72e', 'Le repas est parfait !', 'Le cadre était vraiment fantastique. À refaire vite !', 4, NOW() - interval '285 days'),
('2d0b5e96-6465-49fe-8545-f355b8c4b836', 'bd0e985b-fa5b-4db8-b5ea-02627f49417a', 'Très bon moment', 'Le service était vraiment inoubliable. On s''est régalés.', 5, NOW() - interval '238 days'),
('2d0b5e96-6465-49fe-8545-f355b8c4b836', 'e2f13625-9c40-4d47-ac7e-4631a22d84e3', 'Le repas est parfait !', 'L''ambiance était vraiment superbe. Une pépite.', 5, NOW() - interval '110 days'),
('2d0b5e96-6465-49fe-8545-f355b8c4b836', '771cd74e-bd6e-4bb8-9e06-3bac9a2fea75', 'Le service est très bon !', 'Le cadre était vraiment très bon. Une pépite.', 4, NOW() - interval '106 days'),
('2d0b5e96-6465-49fe-8545-f355b8c4b836', '1dc96ea7-3c98-4bd3-af67-67cf92a51b9b', 'Très bon moment', 'L''accueil était vraiment inoubliable. Une pépite.', 5, NOW() - interval '39 days'),
('2d0b5e96-6465-49fe-8545-f355b8c4b836', 'ea868686-4051-4507-a91f-e17d3d870e68', 'Excellent', 'Le cadre était vraiment superbe. Je recommande les yeux fermés.', 4, NOW() - interval '293 days'),
('2d0b5e96-6465-49fe-8545-f355b8c4b836', 'a06635df-536a-4fce-9a61-38ebd2feab65', 'Excellent', 'Le rapport qualité/prix était vraiment superbe. Une pépite.', 5, NOW() - interval '282 days'),
('2d0b5e96-6465-49fe-8545-f355b8c4b836', 'dfffe63e-dab2-4fea-a994-05bab9c5f338', 'L''accueil est superbe !', 'Le service était vraiment délicieux. À refaire vite !', 4, NOW() - interval '132 days'),
('2d0b5e96-6465-49fe-8545-f355b8c4b836', 'd8fb1d9a-c2c4-4d35-8264-bfb55ffd1579', 'L''ambiance est inoubliable !', 'L''accueil était vraiment superbe. Je recommande les yeux fermés.', 5, NOW() - interval '295 days'),
('2d0b5e96-6465-49fe-8545-f355b8c4b836', 'c56bab28-150f-4c50-b1fa-70887dca4030', 'Une belle surprise', 'L''ambiance était vraiment parfait. Bravo au chef !', 5, NOW() - interval '56 days'),
('68974b49-f7f1-4dd9-bf87-4db2d6de5768', '2704729c-4016-44aa-aed1-bd9a920710c7', 'Assez fade...', 'Le plat était moyen. Pas terrible...', 1, NOW() - interval '156 days'),
('68974b49-f7f1-4dd9-bf87-4db2d6de5768', '8cbfe7ed-c915-486c-b01c-e401c44c26e7', 'Excellent', 'Le cadre était vraiment inoubliable. On s''est régalés.', 5, NOW() - interval '50 days'),
('68974b49-f7f1-4dd9-bf87-4db2d6de5768', '40828c67-6151-4a74-9790-33f90857e2a6', 'Une belle surprise', 'L''accueil était vraiment inoubliable. On s''est régalés.', 5, NOW() - interval '225 days'),
('68974b49-f7f1-4dd9-bf87-4db2d6de5768', '83270e83-404d-47ba-b5b3-1ca36918b307', 'Le service est très bon !', 'Le cadre était vraiment superbe. Je recommande les yeux fermés.', 4, NOW() - interval '233 days'),
('68974b49-f7f1-4dd9-bf87-4db2d6de5768', 'cb4c30bd-5e09-4b4e-8ab3-8d8223991ac2', 'Très bon moment', 'Le service était vraiment parfait. On s''est régalés.', 4, NOW() - interval '133 days'),
('68974b49-f7f1-4dd9-bf87-4db2d6de5768', '532676f4-e227-4339-9721-094648d48816', 'Décevant', 'Le prix était fade. À éviter.', 2, NOW() - interval '176 days'),
('68974b49-f7f1-4dd9-bf87-4db2d6de5768', '53c0bab4-919f-4b6b-95bb-8523d01b066c', 'Le repas est inoubliable !', 'Le repas était vraiment parfait. Bravo au chef !', 5, NOW() - interval '293 days'),
('68974b49-f7f1-4dd9-bf87-4db2d6de5768', '6b5511ed-fb49-4916-b9ef-89745bdc0ddd', 'Excellent', 'Le service était vraiment parfait. On s''est régalés.', 4, NOW() - interval '52 days'),
('68974b49-f7f1-4dd9-bf87-4db2d6de5768', '4484e083-aa27-44c6-a590-8963767811ee', 'Très bon moment', 'Le rapport qualité/prix était vraiment fantastique. On s''est régalés.', 4, NOW() - interval '155 days'),
('68974b49-f7f1-4dd9-bf87-4db2d6de5768', 'a754c914-2cc5-4bb6-ac28-179c57e281d3', 'L''ambiance est délicieux !', 'Le cadre était vraiment parfait. Une pépite.', 4, NOW() - interval '274 days'),
('68974b49-f7f1-4dd9-bf87-4db2d6de5768', 'fdf27e96-00d8-4789-80f8-e2b889159c20', 'L''accueil est magique !', 'L''ambiance était vraiment incroyable. Bravo au chef !', 4, NOW() - interval '274 days'),
('b5ce7b34-b625-49f1-a243-508fd83a6673', '2704729c-4016-44aa-aed1-bd9a920710c7', 'Une belle surprise', 'Le rapport qualité/prix était vraiment superbe. Je recommande les yeux fermés.', 5, NOW() - interval '25 days'),
('b5ce7b34-b625-49f1-a243-508fd83a6673', '5220ea21-07eb-487a-b81d-a88bc137c706', 'Parfait', 'Le repas était vraiment délicieux. À refaire vite !', 4, NOW() - interval '147 days'),
('b5ce7b34-b625-49f1-a243-508fd83a6673', '66254d17-0694-4635-881d-92645b9496ed', 'Le repas est génial !', 'Le cadre était vraiment fantastique. À refaire vite !', 4, NOW() - interval '276 days'),
('b5ce7b34-b625-49f1-a243-508fd83a6673', 'b30ea63d-c95b-4812-9b04-9b34d31040c7', 'Excellent', 'L''ambiance était vraiment très bon. On s''est régalés.', 5, NOW() - interval '120 days'),
('b5ce7b34-b625-49f1-a243-508fd83a6673', '52612eeb-7fdd-4fd1-a743-77c19a27e7c0', 'Assez bruyant...', 'Le plat était moyen. À éviter.', 3, NOW() - interval '226 days'),
('b5ce7b34-b625-49f1-a243-508fd83a6673', '48536c3c-376b-42ce-84b1-f0b4f1e276fa', 'Assez décevant...', 'L''accueil était bruyant. Passez votre chemin.', 1, NOW() - interval '15 days'),
('b5ce7b34-b625-49f1-a243-508fd83a6673', '69241b62-275f-403c-acfd-4e502d320405', 'Moyen', 'Le serveur était bruyant. Pas terrible...', 2, NOW() - interval '74 days'),
('b5ce7b34-b625-49f1-a243-508fd83a6673', 'ee2d40c1-ce57-426a-95bd-25c42861d847', 'Très bon moment', 'Le rapport qualité/prix était vraiment incroyable. Bravo au chef !', 4, NOW() - interval '9 days'),
('b5ce7b34-b625-49f1-a243-508fd83a6673', 'e0a148ba-3a91-4874-83d8-0fa84d322b69', 'L''ambiance est parfait !', 'L''accueil était vraiment inoubliable. Bravo au chef !', 5, NOW() - interval '238 days'),
('b5ce7b34-b625-49f1-a243-508fd83a6673', '0e6959fe-9d29-4d3f-bd16-f676ed23e1a9', 'L''ambiance est incroyable !', 'Le rapport qualité/prix était vraiment génial. À refaire vite !', 4, NOW() - interval '151 days'),
('b5ce7b34-b625-49f1-a243-508fd83a6673', 'a658daad-6673-4faa-b8bc-11e14df00566', 'Le repas est délicieux !', 'L''ambiance était vraiment inoubliable. À refaire vite !', 5, NOW() - interval '263 days'),
('b5ce7b34-b625-49f1-a243-508fd83a6673', '1dc96ea7-3c98-4bd3-af67-67cf92a51b9b', 'L''ambiance est inoubliable !', 'Le service était vraiment délicieux. Bravo au chef !', 4, NOW() - interval '94 days'),
('b5ce7b34-b625-49f1-a243-508fd83a6673', '1f9ca113-fa33-47bf-891c-455bd50bdeeb', 'Décevant', 'Le service était fade. Pas terrible...', 2, NOW() - interval '54 days'),
('b5ce7b34-b625-49f1-a243-508fd83a6673', '3a03cc54-3122-424b-8e68-45678385efd7', 'Excellent', 'L''accueil était vraiment inoubliable. Une pépite.', 5, NOW() - interval '297 days'),
('b5ce7b34-b625-49f1-a243-508fd83a6673', '4903f8cf-383d-42b2-926d-f3ec2e9c8c40', 'Le rapport qualité/prix est superbe !', 'L''accueil était vraiment magique. Grosse recommandation !', 5, NOW() - interval '251 days'),
('739038ad-56bb-432c-bf05-c80fadd3d5e7', '52612eeb-7fdd-4fd1-a743-77c19a27e7c0', 'Parfait', 'Le cadre était vraiment superbe. Une pépite.', 5, NOW() - interval '107 days'),
('739038ad-56bb-432c-bf05-c80fadd3d5e7', '9093fcc6-ff7d-49ea-8b24-aba47a8ec8e8', 'Assez trop cher...', 'Le serveur était fade. Pas terrible...', 2, NOW() - interval '231 days'),
('739038ad-56bb-432c-bf05-c80fadd3d5e7', '1c70f3c6-0547-4bbd-9efd-17e2f7401e1a', 'Parfait', 'Le rapport qualité/prix était vraiment fantastique. Je recommande les yeux fermés.', 4, NOW() - interval '178 days'),
('739038ad-56bb-432c-bf05-c80fadd3d5e7', 'ef710a58-fc44-4724-b3c7-0203232991df', 'Parfait', 'Le cadre était vraiment génial. Une pépite.', 4, NOW() - interval '44 days'),
('739038ad-56bb-432c-bf05-c80fadd3d5e7', '69241b62-275f-403c-acfd-4e502d320405', 'Le cadre est délicieux !', 'Le repas était vraiment très bon. On s''est régalés.', 4, NOW() - interval '147 days'),
('739038ad-56bb-432c-bf05-c80fadd3d5e7', '40828c67-6151-4a74-9790-33f90857e2a6', 'Le cadre est inoubliable !', 'Le service était vraiment incroyable. À refaire vite !', 4, NOW() - interval '141 days'),
('739038ad-56bb-432c-bf05-c80fadd3d5e7', '66254d17-0694-4635-881d-92645b9496ed', 'L''accueil est incroyable !', 'Le cadre était vraiment superbe. Une pépite.', 4, NOW() - interval '90 days'),
('739038ad-56bb-432c-bf05-c80fadd3d5e7', 'b1d5ab3c-8672-4fed-b2f1-18a9683d41b8', 'Le service est parfait !', 'L''accueil était vraiment délicieux. Bravo au chef !', 5, NOW() - interval '60 days'),
('739038ad-56bb-432c-bf05-c80fadd3d5e7', 'efec6f62-494b-4dc0-bd8f-6e17db2de67b', 'Parfait', 'Le repas était vraiment fantastique. Bravo au chef !', 5, NOW() - interval '282 days'),
('739038ad-56bb-432c-bf05-c80fadd3d5e7', 'dfffe63e-dab2-4fea-a994-05bab9c5f338', 'Excellent', 'Le cadre était vraiment magique. Bravo au chef !', 4, NOW() - interval '117 days'),
('739038ad-56bb-432c-bf05-c80fadd3d5e7', '2041f191-aa57-47ab-aea6-032f15cfc5a0', 'Parfait', 'Le cadre était vraiment incroyable. Bravo au chef !', 4, NOW() - interval '272 days'),
('739038ad-56bb-432c-bf05-c80fadd3d5e7', 'a06635df-536a-4fce-9a61-38ebd2feab65', 'Décevant', 'Le plat était trop cher. Dommage.', 3, NOW() - interval '156 days'),
('739038ad-56bb-432c-bf05-c80fadd3d5e7', 'ab3715ba-2a9c-4a7e-a936-1883e29735b2', 'Excellent', 'Le repas était vraiment fantastique. Une pépite.', 4, NOW() - interval '184 days'),
('739038ad-56bb-432c-bf05-c80fadd3d5e7', '6b5511ed-fb49-4916-b9ef-89745bdc0ddd', 'Excellent', 'Le repas était vraiment parfait. On s''est régalés.', 4, NOW() - interval '128 days'),
('739038ad-56bb-432c-bf05-c80fadd3d5e7', '9c7ded70-66f7-4192-990f-0df401fdf106', 'Le service est superbe !', 'Le rapport qualité/prix était vraiment génial. À refaire vite !', 5, NOW() - interval '163 days'),
('739038ad-56bb-432c-bf05-c80fadd3d5e7', '78e9e2eb-4a05-4002-bbf8-9f33f7ab5139', 'À éviter', 'Le service était trop cher. Pas terrible...', 1, NOW() - interval '157 days'),
('739038ad-56bb-432c-bf05-c80fadd3d5e7', '82c3294a-770d-4581-8552-17284e09c226', 'Le rapport qualité/prix est très bon !', 'Le rapport qualité/prix était vraiment incroyable. Une pépite.', 4, NOW() - interval '75 days'),
('739038ad-56bb-432c-bf05-c80fadd3d5e7', 'a348dd1f-ad4f-4c2b-a61f-4dbc60735db7', 'Très bon moment', 'L''accueil était vraiment très bon. À refaire vite !', 4, NOW() - interval '40 days'),
('739038ad-56bb-432c-bf05-c80fadd3d5e7', '1cd4ad3a-9ac0-4970-abed-1d5b5d07a72e', 'Parfait', 'Le cadre était vraiment magique. Une pépite.', 4, NOW() - interval '205 days'),
('739038ad-56bb-432c-bf05-c80fadd3d5e7', '11fbeaf5-9823-4aee-9e76-8939a8bbee70', 'Très bon moment', 'Le service était vraiment incroyable. Bravo au chef !', 5, NOW() - interval '277 days'),
('739038ad-56bb-432c-bf05-c80fadd3d5e7', 'ab947353-f1c7-445b-a468-af400032d2c0', 'Très bon moment', 'L''ambiance était vraiment très bon. Bravo au chef !', 4, NOW() - interval '223 days'),
('739038ad-56bb-432c-bf05-c80fadd3d5e7', '81768de7-047d-43bf-9001-a2e648de148e', 'Moyen', 'L''accueil était fade. Passez votre chemin.', 1, NOW() - interval '31 days'),
('bb3fc3e3-03ad-4a34-b8bf-95f979a35816', '9ec48c1c-6410-42e1-a042-dace1dfdc192', 'Le rapport qualité/prix est incroyable !', 'L''ambiance était vraiment fantastique. Grosse recommandation !', 5, NOW() - interval '225 days'),
('bb3fc3e3-03ad-4a34-b8bf-95f979a35816', '52612eeb-7fdd-4fd1-a743-77c19a27e7c0', 'Le service est superbe !', 'L''ambiance était vraiment inoubliable. Je recommande les yeux fermés.', 4, NOW() - interval '206 days'),
('bb3fc3e3-03ad-4a34-b8bf-95f979a35816', '53c0bab4-919f-4b6b-95bb-8523d01b066c', 'L''ambiance est fantastique !', 'Le rapport qualité/prix était vraiment parfait. À refaire vite !', 4, NOW() - interval '224 days'),
('bb3fc3e3-03ad-4a34-b8bf-95f979a35816', '94fb7d2b-2bde-4866-bbff-635aaf8ed1d9', 'L''accueil est parfait !', 'Le rapport qualité/prix était vraiment fantastique. Je recommande les yeux fermés.', 5, NOW() - interval '210 days'),
('bb3fc3e3-03ad-4a34-b8bf-95f979a35816', '9b26a310-99bd-4a48-b8b2-8173634c348c', 'À éviter', 'Le prix était bruyant. Dommage.', 2, NOW() - interval '17 days'),
('bb3fc3e3-03ad-4a34-b8bf-95f979a35816', '0e6959fe-9d29-4d3f-bd16-f676ed23e1a9', 'Moyen', 'Le prix était trop cher. Passez votre chemin.', 1, NOW() - interval '84 days'),
('bb3fc3e3-03ad-4a34-b8bf-95f979a35816', 'fdf20a83-0328-4817-9d49-9b4763488971', 'Parfait', 'Le rapport qualité/prix était vraiment génial. Grosse recommandation !', 5, NOW() - interval '259 days'),
('bb3fc3e3-03ad-4a34-b8bf-95f979a35816', 'bf010115-0add-4e45-bdfa-82b74317063a', 'L''ambiance est génial !', 'Le rapport qualité/prix était vraiment génial. Une pépite.', 4, NOW() - interval '270 days'),
('bb3fc3e3-03ad-4a34-b8bf-95f979a35816', 'e2f13625-9c40-4d47-ac7e-4631a22d84e3', 'Le cadre est inoubliable !', 'Le service était vraiment très bon. À refaire vite !', 5, NOW() - interval '32 days'),
('bb3fc3e3-03ad-4a34-b8bf-95f979a35816', 'ef710a58-fc44-4724-b3c7-0203232991df', 'Assez moyen...', 'Le service était décevant. Je n''y retournerai pas.', 3, NOW() - interval '90 days'),
('70692d01-9801-409f-9ee7-712ee176b6ec', '4484e083-aa27-44c6-a590-8963767811ee', 'Assez fade...', 'Le service était fade. Pas terrible...', 3, NOW() - interval '7 days'),
('70692d01-9801-409f-9ee7-712ee176b6ec', 'a06635df-536a-4fce-9a61-38ebd2feab65', 'À éviter', 'Le serveur était moyen. Passez votre chemin.', 3, NOW() - interval '114 days'),
('70692d01-9801-409f-9ee7-712ee176b6ec', 'cb4c30bd-5e09-4b4e-8ab3-8d8223991ac2', 'Une belle surprise', 'Le cadre était vraiment fantastique. Une pépite.', 5, NOW() - interval '171 days'),
('70692d01-9801-409f-9ee7-712ee176b6ec', 'a754c914-2cc5-4bb6-ac28-179c57e281d3', 'Le cadre est incroyable !', 'L''accueil était vraiment superbe. Une pépite.', 5, NOW() - interval '289 days'),
('70692d01-9801-409f-9ee7-712ee176b6ec', '52612eeb-7fdd-4fd1-a743-77c19a27e7c0', 'Très bon moment', 'Le cadre était vraiment génial. Bravo au chef !', 4, NOW() - interval '172 days'),
('70692d01-9801-409f-9ee7-712ee176b6ec', '9b26a310-99bd-4a48-b8b2-8173634c348c', 'Parfait', 'Le repas était vraiment très bon. À refaire vite !', 5, NOW() - interval '218 days'),
('70692d01-9801-409f-9ee7-712ee176b6ec', '599336bf-d99e-4ce2-b0b1-b8833bac11c7', 'Très bon moment', 'Le service était vraiment fantastique. Je recommande les yeux fermés.', 4, NOW() - interval '269 days'),
('70692d01-9801-409f-9ee7-712ee176b6ec', 'efec6f62-494b-4dc0-bd8f-6e17db2de67b', 'Assez décevant...', 'Le service était trop cher. Passez votre chemin.', 1, NOW() - interval '138 days'),
('70692d01-9801-409f-9ee7-712ee176b6ec', '5220ea21-07eb-487a-b81d-a88bc137c706', 'Assez bruyant...', 'Le serveur était bruyant. À éviter.', 3, NOW() - interval '246 days'),
('70692d01-9801-409f-9ee7-712ee176b6ec', 'dfffe63e-dab2-4fea-a994-05bab9c5f338', 'L''accueil est génial !', 'Le service était vraiment parfait. Une pépite.', 4, NOW() - interval '263 days'),
('70692d01-9801-409f-9ee7-712ee176b6ec', '0d23d775-4bd3-400b-bd20-6daa6d95aaef', 'Assez décevant...', 'Le plat était moyen. Dommage.', 2, NOW() - interval '147 days'),
('70692d01-9801-409f-9ee7-712ee176b6ec', '1c70f3c6-0547-4bbd-9efd-17e2f7401e1a', 'L''ambiance est magique !', 'L''ambiance était vraiment inoubliable. Bravo au chef !', 5, NOW() - interval '128 days'),
('70692d01-9801-409f-9ee7-712ee176b6ec', 'ea868686-4051-4507-a91f-e17d3d870e68', 'Le cadre est parfait !', 'Le cadre était vraiment superbe. Je recommande les yeux fermés.', 4, NOW() - interval '225 days'),
('70692d01-9801-409f-9ee7-712ee176b6ec', 'bf010115-0add-4e45-bdfa-82b74317063a', 'Le cadre est fantastique !', 'Le rapport qualité/prix était vraiment incroyable. Grosse recommandation !', 4, NOW() - interval '218 days'),
('70692d01-9801-409f-9ee7-712ee176b6ec', '771cd74e-bd6e-4bb8-9e06-3bac9a2fea75', 'L''ambiance est inoubliable !', 'L''accueil était vraiment superbe. À refaire vite !', 4, NOW() - interval '154 days'),
('70692d01-9801-409f-9ee7-712ee176b6ec', 'b41afb00-5d10-470c-96c8-f89e4221697c', 'Excellent', 'Le service était vraiment incroyable. Je recommande les yeux fermés.', 5, NOW() - interval '156 days'),
('70692d01-9801-409f-9ee7-712ee176b6ec', '6b5511ed-fb49-4916-b9ef-89745bdc0ddd', 'Assez décevant...', 'Le serveur était trop cher. Pas terrible...', 3, NOW() - interval '148 days'),
('70692d01-9801-409f-9ee7-712ee176b6ec', 'd477db1c-2d8d-401e-b8e9-ccbf731df2e2', 'L''ambiance est très bon !', 'L''accueil était vraiment parfait. On s''est régalés.', 5, NOW() - interval '202 days'),
('70692d01-9801-409f-9ee7-712ee176b6ec', 'ee2d40c1-ce57-426a-95bd-25c42861d847', 'Le service est fantastique !', 'Le rapport qualité/prix était vraiment inoubliable. À refaire vite !', 5, NOW() - interval '47 days'),
('70692d01-9801-409f-9ee7-712ee176b6ec', '2041f191-aa57-47ab-aea6-032f15cfc5a0', 'Une belle surprise', 'Le cadre était vraiment délicieux. Bravo au chef !', 5, NOW() - interval '239 days'),
('773612f8-843c-4134-97a9-9511f30de606', 'a06635df-536a-4fce-9a61-38ebd2feab65', 'À éviter', 'Le plat était bruyant. Passez votre chemin.', 1, NOW() - interval '124 days'),
('773612f8-843c-4134-97a9-9511f30de606', '329d9b2e-4400-438e-86b8-38c415d5998a', 'Le cadre est délicieux !', 'L''accueil était vraiment génial. À refaire vite !', 5, NOW() - interval '216 days'),
('773612f8-843c-4134-97a9-9511f30de606', 'b30ea63d-c95b-4812-9b04-9b34d31040c7', 'Parfait', 'Le repas était vraiment incroyable. Bravo au chef !', 5, NOW() - interval '100 days'),
('773612f8-843c-4134-97a9-9511f30de606', 'ef710a58-fc44-4724-b3c7-0203232991df', 'À éviter', 'Le service était bruyant. Dommage.', 2, NOW() - interval '252 days'),
('773612f8-843c-4134-97a9-9511f30de606', 'fdf20a83-0328-4817-9d49-9b4763488971', 'Le cadre est fantastique !', 'Le service était vraiment très bon. À refaire vite !', 5, NOW() - interval '193 days'),
('773612f8-843c-4134-97a9-9511f30de606', '1c70f3c6-0547-4bbd-9efd-17e2f7401e1a', 'Décevant', 'Le prix était moyen. Bof.', 1, NOW() - interval '78 days'),
('773612f8-843c-4134-97a9-9511f30de606', 'ec527c34-faa3-4191-a083-3d01aa31c442', 'Excellent', 'L''ambiance était vraiment délicieux. À refaire vite !', 5, NOW() - interval '285 days'),
('773612f8-843c-4134-97a9-9511f30de606', '0a6c38a5-807a-4481-8b66-9ea2a175c8c3', 'Le cadre est inoubliable !', 'Le repas était vraiment fantastique. Grosse recommandation !', 4, NOW() - interval '129 days'),
('773612f8-843c-4134-97a9-9511f30de606', '66254d17-0694-4635-881d-92645b9496ed', 'Le service est génial !', 'Le cadre était vraiment fantastique. Je recommande les yeux fermés.', 5, NOW() - interval '28 days'),
('773612f8-843c-4134-97a9-9511f30de606', 'd8fb1d9a-c2c4-4d35-8264-bfb55ffd1579', 'Une belle surprise', 'Le service était vraiment inoubliable. On s''est régalés.', 4, NOW() - interval '133 days'),
('773612f8-843c-4134-97a9-9511f30de606', '9c7ded70-66f7-4192-990f-0df401fdf106', 'Très bon moment', 'Le service était vraiment superbe. On s''est régalés.', 5, NOW() - interval '185 days'),
('773612f8-843c-4134-97a9-9511f30de606', '53c0bab4-919f-4b6b-95bb-8523d01b066c', 'Le rapport qualité/prix est incroyable !', 'Le cadre était vraiment très bon. Je recommande les yeux fermés.', 4, NOW() - interval '235 days'),
('773612f8-843c-4134-97a9-9511f30de606', '4a058127-de0e-4652-93a3-5d9a79834284', 'Une belle surprise', 'L''ambiance était vraiment fantastique. À refaire vite !', 4, NOW() - interval '112 days'),
('773612f8-843c-4134-97a9-9511f30de606', 'a348dd1f-ad4f-4c2b-a61f-4dbc60735db7', 'L''ambiance est parfait !', 'L''ambiance était vraiment inoubliable. À refaire vite !', 4, NOW() - interval '125 days'),
('773612f8-843c-4134-97a9-9511f30de606', '771cd74e-bd6e-4bb8-9e06-3bac9a2fea75', 'Une belle surprise', 'Le repas était vraiment incroyable. À refaire vite !', 4, NOW() - interval '62 days'),
('773612f8-843c-4134-97a9-9511f30de606', 'b1d5ab3c-8672-4fed-b2f1-18a9683d41b8', 'L''accueil est délicieux !', 'Le repas était vraiment génial. À refaire vite !', 4, NOW() - interval '254 days'),
('773612f8-843c-4134-97a9-9511f30de606', '2704729c-4016-44aa-aed1-bd9a920710c7', 'L''ambiance est parfait !', 'Le service était vraiment très bon. À refaire vite !', 4, NOW() - interval '46 days'),
('773612f8-843c-4134-97a9-9511f30de606', '9b26a310-99bd-4a48-b8b2-8173634c348c', 'Moyen', 'Le prix était trop cher. Bof.', 1, NOW() - interval '187 days'),
('773612f8-843c-4134-97a9-9511f30de606', '0d23d775-4bd3-400b-bd20-6daa6d95aaef', 'Le service est inoubliable !', 'Le repas était vraiment parfait. Une pépite.', 4, NOW() - interval '65 days'),
('0c91be4a-b106-4c4c-83c9-feb3c7acf52e', '3a03cc54-3122-424b-8e68-45678385efd7', 'Moyen', 'L''accueil était long. Dommage.', 3, NOW() - interval '44 days'),
('0c91be4a-b106-4c4c-83c9-feb3c7acf52e', '329d9b2e-4400-438e-86b8-38c415d5998a', 'Excellent', 'L''accueil était vraiment inoubliable. Une pépite.', 5, NOW() - interval '83 days'),
('0c91be4a-b106-4c4c-83c9-feb3c7acf52e', 'a348dd1f-ad4f-4c2b-a61f-4dbc60735db7', 'L''ambiance est très bon !', 'Le service était vraiment incroyable. Bravo au chef !', 4, NOW() - interval '271 days'),
('0c91be4a-b106-4c4c-83c9-feb3c7acf52e', '2a9f938e-b07d-48c3-9a0c-f05ac398e437', 'Le cadre est superbe !', 'Le rapport qualité/prix était vraiment incroyable. À refaire vite !', 4, NOW() - interval '234 days'),
('0c91be4a-b106-4c4c-83c9-feb3c7acf52e', '9fd0778a-0882-4b06-868c-d52b7cb38274', 'L''accueil est incroyable !', 'Le cadre était vraiment superbe. On s''est régalés.', 5, NOW() - interval '43 days'),
('0c91be4a-b106-4c4c-83c9-feb3c7acf52e', 'c56bab28-150f-4c50-b1fa-70887dca4030', 'Décevant', 'Le prix était bruyant. Dommage.', 3, NOW() - interval '104 days'),
('0c91be4a-b106-4c4c-83c9-feb3c7acf52e', '409c8f7e-dfa4-4c5d-9c40-df668ffb873b', 'Assez trop cher...', 'Le service était décevant. À éviter.', 3, NOW() - interval '197 days'),
('0c91be4a-b106-4c4c-83c9-feb3c7acf52e', '83270e83-404d-47ba-b5b3-1ca36918b307', 'Le repas est génial !', 'Le service était vraiment très bon. À refaire vite !', 5, NOW() - interval '141 days'),
('0c91be4a-b106-4c4c-83c9-feb3c7acf52e', '2704729c-4016-44aa-aed1-bd9a920710c7', 'L''ambiance est magique !', 'Le service était vraiment superbe. On s''est régalés.', 4, NOW() - interval '44 days'),
('0c91be4a-b106-4c4c-83c9-feb3c7acf52e', 'd477db1c-2d8d-401e-b8e9-ccbf731df2e2', 'À éviter', 'Le plat était moyen. Pas terrible...', 3, NOW() - interval '18 days'),
('0c91be4a-b106-4c4c-83c9-feb3c7acf52e', 'e0e746f9-b4bb-405d-9642-dad0b7d35ab9', 'Le service est délicieux !', 'Le repas était vraiment fantastique. À refaire vite !', 4, NOW() - interval '228 days'),
('0c91be4a-b106-4c4c-83c9-feb3c7acf52e', 'a754c914-2cc5-4bb6-ac28-179c57e281d3', 'Décevant', 'Le service était bruyant. Bof.', 1, NOW() - interval '289 days'),
('0c91be4a-b106-4c4c-83c9-feb3c7acf52e', '532676f4-e227-4339-9721-094648d48816', 'Une belle surprise', 'Le service était vraiment fantastique. Grosse recommandation !', 4, NOW() - interval '282 days'),
('0c91be4a-b106-4c4c-83c9-feb3c7acf52e', '4484e083-aa27-44c6-a590-8963767811ee', 'Très bon moment', 'L''accueil était vraiment incroyable. À refaire vite !', 5, NOW() - interval '253 days'),
('0c91be4a-b106-4c4c-83c9-feb3c7acf52e', '53c0bab4-919f-4b6b-95bb-8523d01b066c', 'Assez bruyant...', 'Le serveur était bruyant. Passez votre chemin.', 1, NOW() - interval '114 days'),
('0c91be4a-b106-4c4c-83c9-feb3c7acf52e', 'fdf27e96-00d8-4789-80f8-e2b889159c20', 'Le repas est délicieux !', 'L''ambiance était vraiment très bon. Une pépite.', 5, NOW() - interval '135 days'),
('0c91be4a-b106-4c4c-83c9-feb3c7acf52e', '94fb7d2b-2bde-4866-bbff-635aaf8ed1d9', 'Une belle surprise', 'L''accueil était vraiment très bon. Bravo au chef !', 4, NOW() - interval '40 days'),
('0c91be4a-b106-4c4c-83c9-feb3c7acf52e', 'ea868686-4051-4507-a91f-e17d3d870e68', 'Excellent', 'Le rapport qualité/prix était vraiment parfait. Grosse recommandation !', 5, NOW() - interval '227 days'),
('0c91be4a-b106-4c4c-83c9-feb3c7acf52e', 'ee2d40c1-ce57-426a-95bd-25c42861d847', 'Le cadre est parfait !', 'L''ambiance était vraiment génial. À refaire vite !', 4, NOW() - interval '271 days'),
('0c91be4a-b106-4c4c-83c9-feb3c7acf52e', '9b26a310-99bd-4a48-b8b2-8173634c348c', 'Le cadre est parfait !', 'L''ambiance était vraiment inoubliable. Grosse recommandation !', 4, NOW() - interval '114 days'),
('0c91be4a-b106-4c4c-83c9-feb3c7acf52e', '52612eeb-7fdd-4fd1-a743-77c19a27e7c0', 'Très bon moment', 'L''accueil était vraiment inoubliable. Je recommande les yeux fermés.', 4, NOW() - interval '117 days'),
('3b0a9957-57f3-4056-8e91-36ca55ba928e', '9fd0778a-0882-4b06-868c-d52b7cb38274', 'Le repas est fantastique !', 'Le service était vraiment inoubliable. À refaire vite !', 5, NOW() - interval '177 days'),
('3b0a9957-57f3-4056-8e91-36ca55ba928e', '57f49f59-5be3-4d31-be7b-f639c179affb', 'Parfait', 'Le cadre était vraiment inoubliable. À refaire vite !', 4, NOW() - interval '175 days'),
('3b0a9957-57f3-4056-8e91-36ca55ba928e', 'b1d5ab3c-8672-4fed-b2f1-18a9683d41b8', 'Parfait', 'L''ambiance était vraiment délicieux. Grosse recommandation !', 4, NOW() - interval '172 days'),
('3b0a9957-57f3-4056-8e91-36ca55ba928e', 'ec527c34-faa3-4191-a083-3d01aa31c442', 'À éviter', 'Le serveur était moyen. Bof.', 3, NOW() - interval '38 days'),
('3b0a9957-57f3-4056-8e91-36ca55ba928e', 'ee2d40c1-ce57-426a-95bd-25c42861d847', 'Décevant', 'Le serveur était décevant. Dommage.', 3, NOW() - interval '189 days'),
('3b0a9957-57f3-4056-8e91-36ca55ba928e', '4903f8cf-383d-42b2-926d-f3ec2e9c8c40', 'Le service est parfait !', 'Le rapport qualité/prix était vraiment génial. Grosse recommandation !', 4, NOW() - interval '31 days'),
('3b0a9957-57f3-4056-8e91-36ca55ba928e', '0d23d775-4bd3-400b-bd20-6daa6d95aaef', 'L''accueil est parfait !', 'L''ambiance était vraiment magique. À refaire vite !', 4, NOW() - interval '99 days'),
('3b0a9957-57f3-4056-8e91-36ca55ba928e', '82c3294a-770d-4581-8552-17284e09c226', 'Une belle surprise', 'Le service était vraiment fantastique. On s''est régalés.', 5, NOW() - interval '70 days'),
('3b0a9957-57f3-4056-8e91-36ca55ba928e', 'e2f13625-9c40-4d47-ac7e-4631a22d84e3', 'Le repas est délicieux !', 'L''accueil était vraiment délicieux. On s''est régalés.', 4, NOW() - interval '132 days'),
('3b0a9957-57f3-4056-8e91-36ca55ba928e', 'fdf20a83-0328-4817-9d49-9b4763488971', 'Décevant', 'Le service était long. Pas terrible...', 2, NOW() - interval '58 days'),
('3b0a9957-57f3-4056-8e91-36ca55ba928e', '11fbeaf5-9823-4aee-9e76-8939a8bbee70', 'Excellent', 'L''accueil était vraiment très bon. On s''est régalés.', 5, NOW() - interval '205 days'),
('3b0a9957-57f3-4056-8e91-36ca55ba928e', '6b5511ed-fb49-4916-b9ef-89745bdc0ddd', 'Le repas est parfait !', 'Le repas était vraiment fantastique. Bravo au chef !', 5, NOW() - interval '136 days'),
('3b0a9957-57f3-4056-8e91-36ca55ba928e', '9ec48c1c-6410-42e1-a042-dace1dfdc192', 'Excellent', 'L''ambiance était vraiment magique. Bravo au chef !', 5, NOW() - interval '95 days'),
('3b0a9957-57f3-4056-8e91-36ca55ba928e', 'e0a148ba-3a91-4874-83d8-0fa84d322b69', 'Parfait', 'Le service était vraiment magique. Bravo au chef !', 4, NOW() - interval '170 days'),
('3b0a9957-57f3-4056-8e91-36ca55ba928e', '771cd74e-bd6e-4bb8-9e06-3bac9a2fea75', 'Le cadre est délicieux !', 'Le rapport qualité/prix était vraiment très bon. Bravo au chef !', 4, NOW() - interval '45 days'),
('3b0a9957-57f3-4056-8e91-36ca55ba928e', 'b3f904b4-9d77-448d-a8e6-db86d951025f', 'Le service est délicieux !', 'L''accueil était vraiment parfait. On s''est régalés.', 5, NOW() - interval '211 days'),
('3b0a9957-57f3-4056-8e91-36ca55ba928e', '1dc96ea7-3c98-4bd3-af67-67cf92a51b9b', 'Très bon moment', 'Le cadre était vraiment inoubliable. À refaire vite !', 5, NOW() - interval '285 days'),
('3b0a9957-57f3-4056-8e91-36ca55ba928e', '2041f191-aa57-47ab-aea6-032f15cfc5a0', 'Une belle surprise', 'Le service était vraiment parfait. Je recommande les yeux fermés.', 5, NOW() - interval '172 days')
ON CONFLICT DO NOTHING;

-- DONNÉES GÉNÉRÉES AVEC SUCCÈS ! (Total: 40 restaurants, 70 profils locaux, 698 avis)
